algorithm,dataset,status,n_features,n_rows,r2,rmse,complexity,seconds,error,expression
gomea,1027_ESL,ok,4,200,0.874707,0.495557,28,2005.31,,0.058749*(x1 - x3)**2/(sqrt(x2) - x3) + 0.058749*(x0*x1 + 15.483*x2)/(x2/x3 + 2.438/x2) + 0.68276
gomea,1028_SWD,ok,10,200,0.208539,0.611751,23,2025.55,,-0.836093*x2/(x3*x4*x6*x7*x8) - 0.836093*x2/(x3*x4*x6*x7**2) + 0.836093*log(x5*log(x2) + x9*log(x2)) + 3.286082
gomea,1029_LEV,ok,4,200,0.590177,0.605032,26,2025.54,,(-0.112089*x3*log(x0) + (x3*(x1 - x2) + 11.803)*(0.224178*x0 + 0.448356*x1 + 0.224178*x3 + 0.224178*log(x2) - 0.134212488))/(x3*(x1 - x2) + 11.803)
gomea,1030_ERA,ok,4,200,0.219226,1.642423,19,2016.65,,0.509008*sqrt(x0)*log(x1) + 0.509008*log(6.262 - x1) + 0.509008*log(x2 - 5.317) + 1.275817
gomea,1089_USCrime,ok,13,47,0.451017,25.936634,30,2017.73,,-1.718594*(x1/x9 + x12/x5)/(x3/x8 - sqrt(x4)) + 324.437676 - 1.718594*(x12*x3 + x9 - 4347.054)/(x0 + x10*x2 + x6)
gomea,1096_FacultySalaries,ok,4,50,0.81317,1.875758,28,2009.11,,1.707864588*x1**2/x2 - 0.00124940065383218*x3*(x2 + 395.818) - 8.252627 - 0.034396*(10.7562928753715 + I*pi)/(x1/x2 - x3/x1)
gomea,1191_BNG_pbc,ok,18,200,0.288282,869.488947,22,2009.83,,680.654242*x0 + 680.654242*x10 + 680.654242*sqrt(x17)*x5*x6 - 680.654242*x3 - 680.654242*sqrt(x0*x6 + log(x8)) - 224.57711734809
gomea,1193_BNG_lowbwt,ok,9,200,0.620003,501.862639,17,2007.72,,-273.970239*sqrt(x0*x1 - x4 + x6) + 273.970239*sqrt(-x0 + x3 + x4 - x7) + 3147.571242
gomea,1196_BNG_pharynx,ok,10,200,0.235528,270.317138,27,2009.75,,(926.712804*x1*x2*x9*log(x7) + 5.8e-5*x1*x9*(x0 + x2*x8 - x2) - 5.8e-5*x2*x3*x6*(x5 - x8 + 11.2786524017721)*log(x7))/(x1*x2*x9*log(x7))
gomea,1199_BNG_echoMonths,ok,9,200,0.496208,10.737936,25,2009.54,,(-2.148733*x4*x7 + 2.148733*x5**2 + x5*x7*(-2.148733*(x0 + x5)*(x0 + x8) + 2.148733*sqrt(x4 - x6) - 2.148733*log(x1 - 57.34) + 26.399961))/(x5*x7)
gomea,1201_BNG_breastTumor,ok,9,200,0.037349,11.451103,25,2003.47,,-4.0e-6*(x1/x6 + x3/x8 + x8/log(x4))*(x1 - x7 + log(x2) + log(x4) - 3.73394841748151 - I*pi) + 20.611472
gomea,1203_BNG_pwLinear,ok,10,200,0.262296,3.61157,30,2004.78,,0.680548*x0*x7 + 0.680548*x3*x5 + 1.195042288*x4 + 0.680548*x5 + 0.680548*x6 - 0.680548*(1.33341666406266*x0 - 0.682709332000083)*(x1 + 2*x2 + 2.767) - 1.703687
gomea,1027_ESL,ok,4,200,0.874707,0.495557,28,2007.53,,0.058749*(x1 - x3)**2/(sqrt(x2) - x3) + 0.058749*(x0*x1 + 15.483*x2)/(x2/x3 + 2.438/x2) + 0.68276
gomea,1028_SWD,ok,10,200,0.113236,0.647536,30,2096.06,,-0.172814*x1*x2/x7 + 0.172814*x1*x3/x7 + 0.172814*x2 - 0.172814*x3 + 0.172814*x4 + 0.172814*x5*x6 + 0.172814*x7/x9 + 0.172814*x8 + 0.345628*x9*log(x2) + 1.822636
gomea,1029_LEV,ok,4,200,0.548568,0.635004,18,2011.06,,0.641644*x1 + 0.641644*log(x0) + 0.320822*log(x2) - 0.641644*log(x1 - x3 + 3.29514794812008) + 0.585260108
gomea,1030_ERA,ok,4,200,0.249447,1.610323,21,2021.71,,0.290273989035573*sqrt(x3*(x1 - 4.398)) + 0.040404*(sqrt(x0) - 0.0744047619047619*x3)*(2*x1 + x2) + 1.310874
gomea,1089_USCrime,ok,13,47,0.848777,13.612652,28,2002.88,,1.563673*x10*x2/sqrt(x5) - 1.563673*x12*x3/(x0 + x6) - 1.563673*(x2 + x5 - x8)/(-x0 + x5 + x8 + x9) + 324.298797
gomea,1096_FacultySalaries,ok,4,50,0.877772,1.517189,28,2006.18,,-5.169612*(2*x2 + x3)/(350.934*x2 - 34197.324554) + 5.169612*(x3 + 37.22)/log(x1) - 52.253086 - 5.169612*(x2 - x3)/(x1 - x3)
gomea,1191_BNG_pbc,ok,18,200,0.004872,1028.133606,23,2011.93,,66.25002*(x0*x4 + x10 + sqrt(x17)*x5*x6 - x3)*log(x15*(-x13 + x14)/x8) - 408.215701
gomea,1193_BNG_lowbwt,ok,9,200,0.629798,495.352182,30,2006.77,,(1969.99721*x0*x3*x5*x7 + 0.000213*x0*x4*(-x4 + x7*x8 + x7) + 0.243636642*x2*x3*x4*x5*x7*(x0 + x3 + 4.44312173403369 + I*pi))/(x0*x3*x5*x7)
gomea,1196_BNG_pharynx,ok,10,200,0.267732,264.562187,29,2004.4,,8.4e-5*(x8 + x9)/log(x7) + 933.475858 - 8.4e-5*(x0 + x8)/(x0 - x2) - 8.4e-5*x3*x6*(x5 + x9 + 6.13447555338007)/(x1*x9)
gomea,1199_BNG_echoMonths,ok,9,200,0.487755,10.827648,24,2111.55,,-2.280471*sqrt(x4) + 2.280471*x5 - 2.280471*x7 - 2.280471*(x0 + x5)*(x0 + x8) - 2.280471*log(x1 - 57.334) + 2.280471*log(x6 - 15.166) + 32.06171
gomea,1201_BNG_breastTumor,ok,9,200,0.166344,10.656301,16,2006.64,,21.576607 + 3.35494*log(x3/log(x4) + x8/log(x4))/log(257.369 - 248.558*x2)
gomea,1203_BNG_pwLinear,ok,10,200,0.217922,3.718606,31,2004.5,,(-1.34445*x0 + 0.191638*(x2 + (x0 + 1.195)*(-x2 + x4 + x5 - 2.132) + 1.394)*(x0 + x1 + x8 - (x2 - 0.999)*(x3 - x7) + 4.86) - 1.60661775)/(x0 + 1.195)
gomea,1595_poker,ok,10,200,0.611349,0.885533,31,2002.81,,nan
gomea,192_vineyard,ok,2,52,0.53431,2.9423,28,2008.54,,(-732.354207*(x0 - 3.241)*(x1 + (x0 - x1)*(x1 - log(x0) + 2.971)) + 45.986991*(x0 - x1)*(x0 + (x0 - 3.241)*(-x0**2 + 30.072*x1) + 3.589))/((x0 - x1)*(x0 + (x0 - 3.241)*(-x0**2 + 30.072*x1) + 3.589))
gomea,197_cpu_act,ok,21,200,0.945306,4.796695,15,2002.67,,-0.571688*sqrt(x14*sqrt(x5)*x9) - 0.571688*sqrt(x16*x2/sqrt(x20)) + 96.378059
gomea,201_pol,ok,48,200,0.699298,21.141713,25,2010.76,,(-32.964394*x6*(x19 + x8)*(x4**2 + x5**2) - 1058589050.106753*sqrt(x4 - x7) + 1058589050.106753*sqrt(x6 - 218.237))/(x6*(x19 + x8)*(x4**2 + x5**2))
gomea,210_cloud,ok,5,108,0.915648,0.36003,30,2011.7,,(0.172036*x4*(x2 + x3)**2 + (x1 + x4*(x0 + x4))*(0.172036*x2 + 0.172036*x3 + 0.120253164*x4*log(x1) + 0.0363943304421409*x4 + 0.115814))/(x1 + x4*(x0 + x4))
gomea,215_2dplanes,ok,10,200,0.836858,1.320848,25,2022.6,,(1.327632*x0**2*x2 + x0*(x0 + 2.085)*(1.327632*x1 + 1.327632*x2 + 1.327632*x4 + 1.327632*x5 + 0.085738) + (x0 + 2.085)*(1.327632*x1 - 1.327632*x4 - 1.327632*x5 + 3.254026032))/(x0*(x0 + 2.085))
gomea,218_house_8L,ok,8,200,0.55033,32187.344894,28,2056.33,,(45267.002181*sqrt(x1)*x3*(x5*x6 - log(x4)) + 45267.002181*x2*(x3 - x4) - x3*(x3 - x4)*(45267.002181*x2**2*log(x7) + 45267.002181*x5*x7 + 2973.555332))/(x3*(x3 - x4))
gomea,225_puma8NH,ok,8,200,0.561678,3.769915,29,2009.85,,(-1.405782*x3 - 1.405782*x4 + (x0 - 5.002)*(-1.405782*sqrt(x2)*(x1 + x7) - 1.405782*(x1 + x2 - 1.36784502046102)*(x1*x2 + x1 - 2.502) + 8.010217))/(x0 - 5.002)
gomea,227_cpu_small,ok,12,200,0.956494,4.267491,19,2043.29,,-1.956206*x5 - 2.10536789860399e-6*x7 + 1.956206*sqrt(x10 + x11) - 1.956206*sqrt(x11 + 2*x2 + x3) + 94.24566
gomea,1027_ESL,ok,4,200,0.874707,0.495557,28,2010.46,,0.058749*(x1 - x3)**2/(sqrt(x2) - x3) + 0.058749*(x0*x1 + 15.483*x2)/(x2/x3 + 2.438/x2) + 0.68276
gomea,228_elusage,ok,2,55,0.509423,11.271924,29,2005.88,,(-5.2405866*x0 + 5.2405866*x1**(3/2) + 0.031715*x1*(x0 - 54.746)*(x0 + x1 - 13.3691435776567*I) + (x0 - 54.746)*(x0 - x1**(3/2))*(0.031715*(x0 - 323.366)*(x0 + 170.861) + 1957.872435))/((x0 - 54.746)*(x0 - x1**(3/2)))
gomea,229_pwLinear,ok,10,200,0.833286,1.519886,25,2006.65,,(x0*(1.030666*x1 + 1.030666*x2 + 2.061332*x4 + 1.030666*x5 + 1.030666*x6 + 0.121169) - 1.030666*x1 - 1.030666*x2 + 1.030666*x4 + 1.030666*x5 - 3.172389948)/x0
gomea,230_machine_cpu,ok,6,200,0.956951,39.990952,22,2004.28,,0.003308*sqrt(x1*x5)*sqrt(5239.35 - x2) + 18.433045 + 2923.146810264*x3/(x0*sqrt(x2))
gomea,294_satellite_image,ok,36,200,0.419169,0.6576,16,2024.73,,10.368028 - 0.665036*log((x12*x18 - x24*x28)*(x28*(x22 - 80.553) + 95.412)/x28)
gomea,344_mv,ok,10,200,0.997469,0.43247,27,2046.55,,-0.545658000000000
gomea,4544_GeographicalOriginalofMusic,ok,117,200,0.554946,0.55563,27,2004.64,,0.25628*sqrt(x0) + 0.25628*x100 + 0.25628*x101 + 0.25628*x102 + 0.25628*x21 + 0.25628*x41 - 0.25628*x44 + 0.25628*x70 - 0.25628*x72 - 0.25628*x75 + 0.25628*sqrt(x95) + 0.25628*x98 - 0.407406440000017
gomea,485_analcatdata_vehicle,ok,4,48,0.547833,212.138903,26,2008.97,,0.000397*sqrt(x0 + x2)/(x0*x1 - x1) + 603.985456 + 9.87600801524852e-5/(x2 + x3) + 3.69233630952381e-5*x2*x3/x0
gomea,503_wind,ok,14,200,0.754847,2.274162,26,2003.29,,-0.758735*x10/(x2*(x13 - x2)) + 0.758735*x11*x13/(x10 + x4) + 0.758735*x12 + 0.758735*sqrt(-x11 + x9) + 1.063664 - 0.758735*x7/x5
gomea,505_tecator,ok,124,200,0.996589,0.626352,31,2014.79,,(1.001346*x108*(x109 + x111)*(x103 + x108 + x111 + x123) + x29*(-1.001346*x102 + 1.001346*x109 - 1.001346*x122 - 22.721542086) + x29*(x103 + x108 + x111 + x123)*(-1.001346*x103 - 1.001346*x108 - 1.001346*x122 - 1.001346*x123 + 104.187882))/(x29*(x103 + x108 + x111 + x123))
gomea,519_vinnie,error,,,,,,,TypeError: predict error: wrong data type,
gomea,522_pm10,ok,7,200,-0.032578,0.859285,21,2010.18,,(0.297747*x1*(x1 - x5) + x6*(0.297747*x0 + 0.297747*log(x0*x3 - sqrt(x2)) + 0.797857))/x6
gomea,523_analcatdata_neavote,ok,2,100,0.94325,0.8415,20,2023.44,,-0.180628*(log(x0) + 0.57401452257969)*(x0 + x1**(1/4) - x1 - 4.30789972028133) - 0.193817
gomea,527_analcatdata_election2000,ok,14,67,0.999877,1325.255481,30,2020.11,,(-0.994689*x1*x12*x4 + x1*(x2 + x6)*(-0.994689*x0 - 1.06330558417055*x2 - 1.06330558417055*x5 - 1.989378*x8 + 0.994689*x9 - 106.716964) + 0.994689*x11*(x2 + x6))/(x1*(x2 + x6))
gomea,529_pollen,ok,4,200,0.768789,1.640955,25,2006.57,,-0.93325792*x0 + 0.20776*x1 - 0.0124302979538112*x2 - 0.41552*x3 + 0.20776*log(x0 + 5.904) + 0.20776*log(x2 - 11.503) - 0.644006
gomea,537_houses,ok,8,200,0.828557,40851.174062,23,2007.61,,(38808.905119*x0**2*x2*x5*log(sqrt(x1)*x2/x4) + 63204.120369*x4*(x0*(x2 + x3) - x4))/(x4*(x0*(x2 + x3) - x4))
gomea,542_pollution,ok,15,60,0.24838,72.727263,22,2003.94,,19.685708*x0*log(x13)/x1 + 19.685708*x1*x8/(x2*x3) + 19.685708*log(sqrt(x0) - x5 + x8) + 825.463501
gomea,547_no2,ok,7,200,0.603078,0.429527,21,2005.86,,0.455547*x0 - 0.151849*x1/x5 - 0.151849*x2 + 0.151849*x3 + 0.151849*sqrt(-sqrt(x6)/(x1 - x5)) + 0.673357
gomea,556_analcatdata_apnea2,ok,3,200,0.86568,1340.211463,25,2011.02,,(-5159.241804*sqrt(x1 - x2) + 66.735861*(x0 + 11.67*x1 - 38.023)*(x0 + 25.369*x1 + 0.961) - 5159.241804*log(21.412/x0))/((x0 + 11.67*x1 - 38.023)*(x0 + 25.369*x1 + 0.961))
gomea,557_analcatdata_apnea1,ok,3,200,0.937388,893.325425,24,2050.63,,(sqrt((-x1 + x2*(x2 - 4.963))/x2)*(7.0e-6*x2 + 3.0002e-5) + 164.565957*(x0 + 0.031)*(x0 - x1)*(x1 - 3.002))/((x0 + 0.031)*(x0 - x1)*(x1 - 3.002))
gomea,560_bodyfat,ok,14,200,0.845763,2.842197,27,2003.41,,0.421892*sqrt(x10) + 0.421892*(2*x0 + 1)/log(x3 - x6) - 0.421892*(x3 + x7)/(x6 - x9) - 446.386441 + 489.941913924/x0
gomea,561_cpu,ok,7,200,0.990921,18.697559,22,2006.13,,(8.0e-5*(x2 + x3)*(sqrt(x3) + x4 + x6) + (0.0437373185094834*sqrt(-x1*x4**2) + 19.937459)*log(x1))/log(x1)
gomea,562_cpu_small,ok,12,200,0.960499,4.093276,18,2015.46,,1.941016*sqrt(x11) - 1.941016*x5 - 1.941016*sqrt(-x10 + x11 + 2*x2) - 1.941016*log(x11 + x8) + 121.03273
gomea,564_fried,ok,10,200,0.855934,1.725441,24,2044.43,,10.180569*x2**2 - 10.180569*x2 + 10.180569*x3 + 6.07431137811513*x4 + 10.180569*sqrt(x0*x1)*log(4.343 - x0) + 1.98241830587882
gomea,573_cpu_act,ok,21,200,0.984855,2.527774,18,2002.04,,-2.1e-5*(x10*x17 + 2*x2 - 405321.399)*log(-x20*(x7 - 8953947.465)/x5) - 161.063441
gomea,574_house_16H,ok,16,200,0.092238,46096.972977,20,2004.49,,-3204683.402289*x11**(1/4)*(-x10 + x15 + log(x14))*(x3 - x4 + x9)*sqrt(log(x12)) + 32492.22253
gomea,579_fri_c0_250_5,ok,5,200,0.849173,0.314924,29,2005.02,,(0.325073*x0**2 + (x1 - 2.3)*(-0.325073*x0*x1**2 + 0.650146*x0 + 0.325073*x1 + 0.325073*x2**2 + 0.650146*x3 + 0.325073*x4 - 0.121917))/(x1 - 2.3)
gomea,581_fri_c3_500_25,ok,25,200,0.771121,0.436575,23,2001.8,,((x0 - 17.838)*(1.981851*sqrt(x0*x1 + x1 - 1.443) + 1.778046) + I*(-5.22697937956657*x0*x2 - 5.22697937956657*x3 + 72.4720690976905))/(x0 - 17.838)
gomea,582_fri_c1_500_25,ok,25,200,0.740423,0.522225,21,2003.64,,-0.632033*sqrt(x1) + 1.264066*x1*log(x1) + 0.334345457*x3 + 0.632033*log(x0 + x1 - 1.93094153336139) + 0.175695
gomea,583_fri_c1_1000_50,ok,50,200,0.715323,0.511985,21,2003.54,,-0.51221*sqrt(x1) + 0.51221*x3 + 0.51221*(x0 + x1)*log(x1) + 0.51221*log(x0 + x1 - 2.04034310840113) + 0.18287497
gomea,584_fri_c4_500_25,ok,25,200,-1.918678,1.347033,26,2003.36,,0.135434*(sqrt(x0) + x0*x1 + x1*x4 - 4.13267467870385*I)*(x0 + 2*x1 - x3 + log(x0 + x1)) - 0.070364
gomea,586_fri_c3_1000_25,ok,25,200,0.791487,0.452717,22,2003.9,,-0.567127*x2 + 0.567127*x3 + 0.567127*x4 + 0.567127*(x1 + x4)*log(x1) + 0.567127*log(x0 + x1 - 1.85391477689779*I) - 0.298977836
gomea,588_fri_c4_1000_100,ok,100,200,0.661797,0.585583,16,2006.97,,0.511657*x3 + 0.511657*(x0 + x1)*log(x1) + 0.511657*log(sqrt(x0) + x1 - 1.807) + 0.048312
gomea,589_fri_c2_1000_25,ok,25,200,0.795891,0.511874,20,2002.7,,sqrt(-x0 - x1 + 1.76284545906341)*(0.350704*x0 + 0.175352*x3 + 0.175352*x4 - 0.175352*log(x1) + 2.03759024) - 2.62488
gomea,590_fri_c0_1000_50,ok,50,200,0.837976,0.370161,29,2002.9,,-0.284908*x0**2 + 0.284908*x0 - 0.284908*x1**2 + 0.342744324*x1 + 0.284908*x2**2 + 0.569816*x3 + 0.284908*x4 + 0.283108584452001
gomea,591_fri_c1_100_10,ok,10,100,0.512396,0.516451,21,2007.48,,((0.276715 - 0.868919*x1)*sqrt(0.949 - x1)*(x1 + 4.2) + 0.868919*sqrt(0.949 - x1)*(x0 + x3) + 0.868919*(x0 + x1)*(x1 + 4.2)*log(x1))/(sqrt(0.949 - x1)*(x1 + 4.2))
gomea,592_fri_c4_1000_25,ok,25,200,0.638499,0.495325,22,2006.1,,1.154046*x1*log(x1) + 0.577023*x3 + 0.577023*sqrt(x4) + 0.577023*log(-x0 - x1 + 1.736) - 0.673893882
gomea,593_fri_c1_1000_10,ok,10,200,0.839291,0.368089,22,2003.64,,-0.421415*sqrt(x1) - 0.421415*x1 + 0.421415*x3 + 0.421415*(x0 + x1)*log(x1) + 0.421415*log(x0*x1 + x1 - 1.422) + 0.396649
gomea,594_fri_c2_100_5,ok,5,100,0.682343,0.607536,23,2014.3,,sqrt(x0*x1 + x0 - 1.7)*(0.227018*x0 - 0.227018*sqrt(x1) - 0.454036*x1 + 0.227018*x3 + 0.227018*x4 + 2.827055154) - 3.082744
gomea,595_fri_c0_1000_10,ok,10,200,0.899079,0.33614,28,2008.4,,(0.314666*sqrt(2)*sqrt(x0) + (0.259336099585062*x1 - 0.723029045643154)*(0.314666*x0 + 0.629332*x1 + 0.314666*x2**2 + 0.629332*x3 + 0.314666*x4 + 0.297154))/(0.259336099585062*x1 - 0.723029045643154)
gomea,596_fri_c2_250_5,ok,5,200,0.750984,0.510099,22,2004.21,,sqrt(x0 + x1 - 1.38)*(-0.212647*x0**2 + 0.425294*x1 + 0.212647*x2*x3 + 0.212647*x3 + 2.580046051) - 2.87251
gomea,597_fri_c2_500_5,ok,5,200,0.767085,0.478644,20,2003.67,,(-3.116835*sqrt(x0) + 3.116835*x0 + 3.116835*x1 + (2*x1 + 7.137)*(3.116835*sqrt(x0 + x1 - 1.74040225235432) - 3.534915))/(2*x1 + 7.137)
gomea,598_fri_c0_1000_25,ok,25,200,0.928834,0.31096,29,2063.04,,-0.26745*x0**2*x1 + 0.5349*x0 - 0.26745*x1**2 + 0.60096015*x1 + 0.26745*x2**2 + 0.5349*x3 + 0.26745*x4 - 0.001732
gomea,599_fri_c2_1000_5,ok,5,200,0.84738,0.398419,21,2036.14,,0.483635*(x0*x1 - 2.04768161587684)*(x0*x1 + x0 + x1) - 0.483635*sqrt(x3 + x4 - 3.077) + 0.989716
gomea,601_fri_c1_250_5,ok,5,200,0.779983,0.463428,24,2003.69,,sqrt(x0 + x1 - 1.672)*(0.247986*x0 - 0.247986*x1**2 + 0.247986*x1 + 0.247986*x3 + 2.453028410772) - 2.681301
gomea,602_fri_c3_250_10,ok,10,200,0.783005,0.529083,26,2011.56,,-0.412442*sqrt(x0) - 0.412442*x0 - 0.412442*sqrt(x1) - 0.412442*x2 + 0.412442*x3 + 0.412442*x4 + 0.412442*(x0*x1 + x0 + x1)*log(x0*x1) + 0.500066
gomea,603_fri_c0_250_50,ok,50,200,0.858303,0.351326,23,2003.48,,-0.327257*sqrt(x0)*x1**2 - 0.327257*sqrt(x0) + 0.327257*x0 + 0.327257*x1 + 0.327257*x2**2 + 0.654514*x3 + 0.327257*x4 + 0.218924
gomea,604_fri_c4_500_10,ok,10,200,0.764827,0.54005,22,2003.3,,-0.0931662526275559*x0 + 0.487539*x3 + 0.487539*(x0 + x1)*log(x0) + 0.487539*log(x0 + log(x1) - 0.715) - 0.133590761
gomea,605_fri_c2_250_25,ok,25,200,0.696512,0.535237,21,2004.21,,sqrt(x0 + x1 - 1.72104619345327*I)*(-0.221357*x0*x1 + 0.221357*x0 + 0.221357*x1 + 0.221357*x3 + 2.763420788) - 3.227608
gomea,606_fri_c2_1000_10,ok,10,200,0.722774,0.547524,22,2007.81,,sqrt(-x0 - x1 + 1.739)*(-0.179245*x0*x1 + 0.179245*x0 + 0.179245*x1 + 0.179245*x3 + 0.179245*x4 + 2.402062245) - 2.854226
gomea,607_fri_c4_1000_50,ok,50,200,0.76429,0.456622,26,2011.12,,-0.391381*x0*(x1 - x2) - 0.391381*sqrt(x1) - 0.391381*x1 + 0.391381*x3 + 0.391381*(log(x0) + log(x1))*(x0*x1 + x0 + x1) + 0.36744
gomea,608_fri_c3_1000_10,ok,10,200,0.74914,0.523769,16,2003.59,,sqrt(x0 + x1 - 1.55595629758679*I)*(0.684793*x4 - 0.684793*sqrt(x0 + x1) + 2.902152734) - 2.507539
gomea,609_fri_c0_1000_5,ok,5,200,0.865551,0.336699,30,2019.67,,(1.04957466068915*x0**2*x1**2 + (x0 - 6.44)*(0.364203*x0 + 0.364203*x1 + 0.364203*x2**2 + 0.558323199*x3 + 0.307344303797468*x4 - 0.182643))/(x0 - 6.44)
gomea,611_fri_c3_100_5,ok,5,100,0.737021,0.378477,26,2019.51,,0.264036*x0*x1 - 0.264036*x0 + 0.264036*x2*x4 - 0.264036*x2 + 0.528072*x3 + 0.264036*(x0 + 2*x1)*log(x0*x1) - 0.441006
gomea,612_fri_c1_1000_5,ok,5,200,0.880246,0.410929,23,2005.83,,sqrt(-x0 - x1 + 1.56556698994326)*(0.24866*x0 - 0.24866*x1**2 + 0.24866*x1 + 0.24866*x3 + 0.1206001*x4 + 2.49853568) - 2.69562
gomea,613_fri_c3_250_5,ok,5,200,0.784285,0.525276,23,2014.7,,-0.405687358062074*x0 + 0.535913*x1 + 0.535913*x3 + 0.535913*(x0 + x1)*log(x0) + 0.535913*log(x0 + 2*x1 - 2.754) - 0.489465
gomea,615_fri_c4_250_10,ok,10,200,0.810503,0.424079,23,2019.24,,0.320116*x0*x1*(x1 + x4) - 0.320116*x0 - 0.640232*x1 + 0.320116*x3 + 0.320116*log(x0 + log(x1) - 0.333) - 0.065734
gomea,616_fri_c4_500_50,ok,50,200,0.700863,0.553697,22,2003.09,,0.391931*x1*x4 + 1.456807527*x1*log(x1) - 0.391931*x1 + 0.391931*x3 + 0.391931*sqrt(log(x0)) + 0.391931*sqrt(log(x1)) - 0.884685
gomea,617_fri_c3_500_5,ok,5,200,0.569338,0.564356,19,2010.58,,-0.531879*sqrt(x1) + 0.531879*x3 + 0.531879*(x1 + x4)*log(x1) + 0.531879*log(-x0 - x1 + 1.90446842977247*I) + 0.159318
gomea,618_fri_c3_1000_50,ok,50,200,0.782611,0.475674,17,2004.69,,sqrt(x1)*sqrt(0.464991087422191 + I*pi)*(0.95312*x4 - 1.16947824) + 0.95312*log(x0 + x1 - 1.495) + 0.350826
gomea,620_fri_c1_1000_25,ok,25,200,0.772852,0.43985,18,2005.09,,sqrt(x0 + x1 - 1.62941707368003)*(0.264587*x0 + 0.264587*x1 + 0.264587*x3 - 0.264587*log(x1) + 2.197130448) - 2.835787
gomea,621_fri_c0_100_10,ok,10,100,0.721804,0.557157,24,2002.69,,0.354091*x0 - 0.354091*x1**2 + 0.354091*x1 + 0.578584694*x3 + 0.354091*x4 + 0.354091*log(0.002/x2 + x2/x0) + 0.356971592
gomea,622_fri_c2_1000_50,ok,50,200,0.731258,0.541717,14,2011.22,,1.840557*sqrt(x0*x1 + x0 + sqrt(x1) + x1 - 3.505139084259) - 2.943418
gomea,623_fri_c4_1000_10,ok,10,200,0.794965,0.379279,24,2003.95,,-0.447286*sqrt(x1) - 0.447286*x1 + 0.447286*x3 - 0.447286*sqrt(x0 + x1) + 0.447286*(x0*x1 + x0 + x1)*log(x0*x1) + 0.816943
gomea,624_fri_c0_100_5,ok,5,100,0.932346,0.241696,29,2031.05,,(-0.380482*(sqrt(x0) + 0.222915737851092*x2)*(x4 + 6.913) + (x3 + 4.323)*(0.380482*x0 - 0.380482*sqrt(x1) + 0.380482*x1 + 0.380482*x2**2 + 0.380482*x3 + 0.380482*x4 + 0.51504))/(x3 + 4.323)
gomea,626_fri_c2_500_50,ok,50,200,0.80419,0.452765,13,2003.59,,-0.98606*(sqrt(x1) + x1)*(x1 - (x0 + x1)*log(x1)) + 0.500974
gomea,627_fri_c2_500_10,ok,10,200,0.660803,0.575551,26,2001.66,,0.264387*x3 + 0.264387*(x0*x1 - 2.19043374700081)*(x0*x1 + x0 + x1) - 0.264387*log(x1) + 0.264387*log(0.897 - x1) + 0.00294521699999972
gomea,628_fri_c3_1000_5,ok,5,200,0.720392,0.47067,23,2028.11,,0.52049*x0 - 0.52049*x1 + 0.52049*x3 + 0.52049*(x0 + x1)*log(x1) + 0.52049*log(0.824*x0 + x1 - 1.64) - 0.14954734
gomea,631_fri_c1_500_5,ok,5,200,0.750009,0.48938,21,2006.37,,0.066022*((x0 + 4.846)*(x3 + 6.203) + (x1 - 4.312)*log(x1))*sqrt(x0 + x1 - 1.756) - 2.551728
gomea,633_fri_c0_500_25,ok,25,200,0.816976,0.442855,27,2005.55,,-0.300457*x0**2 + 0.300457*x0 - 0.300457*sqrt(x1) - 0.300457*x1*log(x0) + 0.300457*x1 + 0.300457*x2**2 + 0.600914*x3 + 0.300457*x4 + 0.266433477
gomea,634_fri_c2_100_10,ok,10,100,0.783168,0.524356,23,2008.34,,sqrt(x0 + x1 - 1.88903740869253 - I*pi)*(-0.209045*x0*x1 + 0.209045*x0 + 0.209045*x1 - 0.209045*x2 + 0.209045*x3 + 0.209045*x4 + 2.43871897) - 3.048825
gomea,635_fri_c0_250_10,ok,10,200,0.876612,0.354764,27,2007.32,,-0.306288*sqrt(x0)*x1 - 0.306288*x0**2 + 0.306288*x0 - 0.306288*sqrt(x1) + 0.612576*x1 + 0.306288*x2**2 + 0.612576*x3 + 0.306288*x4 + 0.25976
gomea,637_fri_c1_500_50,ok,50,200,0.475043,0.715509,19,2003.99,,0.481066*x3 + 0.481066*(x0 + x1)*log(x1) - 0.481066*log(x1) + 0.481066*log(sqrt(x1)*(x1 - 0.974)) + 0.072253
gomea,641_fri_c1_500_10,ok,10,200,0.749354,0.443176,24,2001.96,,-0.419256*x1 + 0.419256*sqrt(x2) + 0.419256*x3 - 0.814479643701955*sqrt(-x1) + 0.419256*(x0*x1 + x0 + x1)*log(x0*x1) + 0.187875
gomea,643_fri_c2_500_25,ok,25,200,0.644133,0.513595,26,2024.11,,-0.281338*sqrt(x0) - 0.281338*x0 + 0.281338*x1*(x0 + 2.793)*(x0*x1 - 2.22861557279387) + 0.281338*x1 - 0.281338*sqrt(x10) + 0.281338*x3 + 0.281338*x4 + 0.513994
gomea,644_fri_c4_250_25,ok,25,200,0.729372,0.466524,22,2008.92,,sqrt(x0 + x1 - 1.50674051419576 - I*pi)*(0.222877*x0 + 0.222877*x3*x4 + 0.445754*x3 - 0.222877*log(x1) + 1.631013886) - 2.276241
gomea,645_fri_c3_500_50,ok,50,200,0.740268,0.458741,19,2003.26,,0.539012*x3*sqrt(x9) + 0.539012*(x0 + x1)*log(x1) + 0.539012*log(sqrt(x0) + x1 - 1.727) - 0.126188
gomea,646_fri_c3_500_10,ok,10,200,0.74024,0.438438,17,2001.67,,0.4335*x3 + 0.4335*(x0 + x1)*log(x0) + 0.4335*log(x0 + x1 - 1.603) - 0.073131
gomea,647_fri_c1_250_10,ok,10,200,0.793361,0.435777,22,2017.55,,-0.450679*x0 + 0.450679*sqrt(x2) + 0.450679*x3 + 0.450679*(x0 + x1)*log(x0) + 0.450679*log(-x0 - x1**2 + 1.787) - 0.408052
gomea,648_fri_c1_250_50,ok,50,200,0.774278,0.436366,23,2003.65,,0.506756*x1*log(x0) + 0.506756*sqrt(x2) + 0.506756*x3 + 0.506756*(x1 - 0.659)*log(x1) + 0.506756*log(0.751 - x0) - 0.361651032
gomea,649_fri_c0_500_5,ok,5,200,0.871063,0.288667,31,2039.31,,-0.286969*x0**2 - 0.144933838383838*x0*x1**2 + 0.573938*x0 - 0.286969*x1**2 + 0.286969*x1 + 0.286969*x2**2 + 0.573938*x3 + 0.286969*x4 + 0.296182
gomea,650_fri_c0_500_50,ok,50,200,0.684619,0.484188,24,2005.03,,-0.331685*sqrt(x0) + 0.331685*x0 - 0.331685*sqrt(x1) + 0.331685*x1 + 0.331685*x2**2 + 0.66337*x3 + 0.331685*x4 + 0.331685*sqrt(x2 + x27) - 0.057275
gomea,651_fri_c0_100_25,ok,25,100,0.871411,0.387341,25,2010.56,,-0.308675*sqrt(x0) - 0.308675*x0*log(x1) + 0.308675*x0 - 0.308675*x1**2 + 0.308675*x1 + 0.308675*x2**2 + 0.61735*x3 + 0.308675*x4 + 0.269052
gomea,653_fri_c0_250_25,ok,25,200,0.771243,0.471126,26,2005.2,,sqrt(x0)*sqrt(x1)*(0.189939842*x3 - 0.66460064) + 0.377614*x0 + 0.377614*x1 + 0.377614*x3 + 0.377614*x4 + 0.377614*sqrt(x2**2) + 0.19595
gomea,654_fri_c0_500_10,ok,10,200,0.825792,0.421876,23,2013.46,,-0.485395*sqrt(x0) + 0.485395*x0 + 0.485395*x1 + 0.485395*x2**2 + 0.485395*x3 + 0.485395*x4 - 0.485395*sqrt(x1**2*(x0 + 0.698)) + 0.333492
gomea,656_fri_c1_100_5,ok,5,100,0.71395,0.440215,20,2002.03,,(-1.959591*sqrt(x1) + (1.959591*sqrt(x0*x1 + x0 - 2.335) - 14.760635)*log(x3 - 10.79) + 30.263923404)/log(x3 - 10.79)
gomea,657_fri_c2_250_10,ok,10,200,0.861572,0.37152,22,2008.79,,sqrt(-x0 - x1 + 1.49155487177738 + I*pi)*(0.323145*x0 - 0.323145*x1**2 + 0.323145*sqrt(x2) + 0.153294592030361*x3 + 2.28980547) - 2.715788
gomea,658_fri_c3_250_25,ok,25,200,0.697666,0.483121,25,2005.09,,0.139419*(x0*x1 - 1.8819048190794)*(x0*x1 + x0 + x1)*(x0 - x4 - sqrt(x13*x4) + 4.408) + 0.191353
gomea,659_sleuth_ex1714,ok,7,47,0.661018,1465.763604,23,2036.43,,5.559801*(-x2*x5/(x0 - x5) + x6 + 183.42 + 126.983/x1)*log(x5**2*log(x2)) + 5701.963909
gomea,663_rabe_266,ok,2,120,0.998984,1.599062,26,2017.12,,(-0.814247*x0*(x0 + x1 + 40.027) + (x0*(x0 + 56.404) - x1)*((0.814247*x0 - 0.814247*sqrt(x1) - 62.951878311)*sqrt(log(x1)) + 79.171432))/(x0*(x0 + 56.404) - x1)
gomea,665_sleuth_case2002,ok,6,147,0.403713,7.679319,15,2013.66,,23.099714*sqrt(x5*(x1 + x5)/((x4 - x5)*(x4 - x5*log(x4)))) - 0.308837
gomea,666_rmftsa_ladata,ok,10,200,0.789388,1.971423,31,2037.2,,9.79178400000000
gomea,678_visualizing_environmental,ok,3,111,0.218184,2.646295,30,2052.19,,-0.05291*x0 - 0.05291*x2 - 0.026455*(1505.289/x1 + 1271.082/x0)/(-x1 + 18.2392400878907 + I*pi) + 16.466253 - 0.026455*(x2 - 318.315)/(x1 - 283.033)
gomea,687_sleuth_ex1605,ok,5,62,0.629687,11.619697,29,2014.7,,(9701.371329*x0**2*(x4 - 50.008)*(2*x0 - sqrt(x3) + x4 + log(x1) - 144.372) + 113.731932*x1*x3**3)/(x1*x3**3)
gomea,690_visualizing_galaxy,ok,4,200,0.932721,25.21621,19,2003.75,,-0.095612*(2*x1 - x3)*log(131.167/x3)*log(-588.753*x0*(x0 + 23.069)) + 1598.613769
gomea,695_chatfield_4,ok,12,200,0.807534,10.16231,14,2006.52,,194.805448 - 8.117077*sqrt(x10 + 2*x11 - x2 + x6 + x8 - 535.355)
gomea,706_sleuth_case1202,ok,6,93,0.572683,58.78048,24,2007.65,,-21.1290740000000
gomea,712_chscase_geyser1,ok,2,200,0.80152,5.389803,27,2006.81,,36.220865 - 3.038722*(x0 - 77.662*x1 + 62.296)/(2*x1 + 9.87309475291309*I) - 10.3329953256809*sqrt(1/x1)/(12.177*x0 - 11.259*x1)
gomea,_deprecated_195_auto_price,ok,15,159,0.661795,2452.800162,27,2005.64,,(x13*x5*(-0.014446*x1*sqrt(5113.124 - x12)*(x4 - x7) + 834.55241) + 0.007223*x4**3*x6*log(x10))/(x13*x5)
gomea,_deprecated_207_autoPrice,ok,15,159,0.80276,1885.817982,31,2004.93,,2542.72873200000
gomea,auto_insurance_losses,ok,24,164,-0.254243,40.063352,16,2003.36,,167.588096 - 0.047574*sqrt(-x0 + x7/x0)*log(x0)/(x20*log(x3*x5))
gomea,auto_insurance_price,ok,23,200,0.922387,3112.558131,28,2001.98,,(-1638.614691*sqrt(x21) + 0.001191*(x10 + x18)*(x14 + x7)*(x11*x6 + x9**2 - (x14 + x8)*log(x0)) + 1638.614691*log(x5))/(sqrt(x21) - log(x5))
gomea,feynman_III_10_19,ok,4,200,0.997678,0.328051,29,2118.06,,(0.091816*x0*x2*x3*(6.224*x1 + 1)*(x1 + x2 + x3) + 0.93468688*x1**2 + x1*x2*x3*(0.091816*(x2 - x3)**2 - 0.741593))/(x1*x2*x3)
gomea,feynman_III_12_43,ok,2,200,0.999482,0.017908,28,2043.8,,(-0.000935*x0*x1*(x0 - x1) + (2.891*x0 - x1**2)*(0.1594159292*x0*x1 - 0.000935*log(x0 - 3.663) + 0.000563))/(2.891*x0 - x1**2)
gomea,feynman_III_13_18,ok,4,200,0.999431,13.455951,29,2015.41,,12.4770088553042*x0*x1**2*x2/x3 - 0.44941*x0*x1*(x3 - 0.922)/(sqrt(x1) - 1.607*x3) - 0.235939
gomea,feynman_III_14_14,ok,5,200,0.994648,0.663119,26,2003.75,,(-0.479724*x1*x2 + 1.68211511300027*x3*x4 - 0.321948*(x1*x2 - 0.0522903158335076*x4)*(14.518*x0 - x3 + 4.152))/(x1*x2 - 3.50642267845735*x3*x4)
gomea,feynman_III_15_12,ok,3,200,0.398991,3.758751,24,2004.48,,(11.784853*x0*x2*sqrt((2*x1*x2 - 12.491)/x2)*(2*x1 - 1) - 0.187418*x1*(x1*x2**2 + 11.665))/(x1*(x1*x2**2 + 11.665))
gomea,feynman_III_15_14,ok,3,200,0.999746,0.000157,28,2008.79,,(-0.25181*x0*(15.767*x0 - 0.0459284434850503*x2) + 1.2e-5*x1*x2**2*((x0 - 20.571)*(x0 + 14.966) - log(x1 - 1.9)))/(x1*x2**2*((x0 - 20.571)*(x0 + 14.966) - log(x1 - 1.9)))
gomea,feynman_III_15_27,ok,3,200,0.999672,0.026203,27,2005.82,,(136.863450444587*x0 - 0.021334*x1*(-0.377500943752359*x1 + 21.825*x2 + sqrt(log(x1))) + 1.10328587707058*x2)/(x1*(-0.377500943752359*x1 + 21.825*x2 + sqrt(log(x1))))
gomea,feynman_III_17_37,ok,3,200,0.994792,0.503821,31,2007.13,,(0.773762*x1 - 0.001037*(x0 + 0.276)*(x2 - 7.358)*(x1*(x2**2*(x2 - 4.956) + 8.011) + 6.108)*(19.693*x1 + x2 - 2.075))/x1
gomea,feynman_III_19_51,ok,5,200,0.999954,0.006531,30,2013.84,,(-2.184146*x0*x1**4 - 0.001108*x2**2*x3*x4*(x0*log(x2) - x2 + 17.529*x3*x4))/(x2**2*x3*x4*(x0*log(x2) - x2 + 17.529*x3*x4))
gomea,feynman_III_21_20,ok,4,200,0.999876,0.11187,27,2010.28,,-0.984339656646*x0*x1*x2/x3 + 0.003053*x0*x1*log(x0 - 4.192)/log(x3) - 0.033347919*x1*x2/x3 - 0.018906
gomea,feynman_III_4_32,ok,4,200,0.99981,0.097083,29,2020.46,,-0.456772 - 0.0310733743284355*x3/(x2*(x0*x1 - 1.93080294178355*I)) - 0.052208*x2*x3*(sqrt(x0) - 121.839981)/(x0*x1)
gomea,feynman_III_4_33,ok,4,200,0.999623,0.085492,26,2008.54,,(0.036019*sqrt(x1 - 2.974) + (-0.072038*x0*x1 + 0.995781274*x2*x3 + 0.004872)*(x2*x3 + x2 - 23.169))/(x2*x3 + x2 - 23.169)
gomea,feynman_III_7_38,ok,3,200,0.999281,1.068683,29,2005.62,,(-0.043113*x0*x1*x2*(x0 - 1.455) - 0.043113*x0*x1*(0.0572278814238297*x1 - 290.239912)*(x1**2 - 11.363*x2) + 0.15418*x2*(x1**2 - 11.363*x2))/(x2*(x1**2 - 11.363*x2))
gomea,feynman_III_8_54,ok,3,200,0.158468,0.305254,16,2068.26,,0.162843*log((2*x0*x1 - x2)/(1.394*x0*x1 - x2)) + 0.368016
gomea,feynman_III_9_52,ok,6,200,0.922058,4.620534,25,2010.37,,(45.392688*x0*x1*x2**2*(2.57953484178834*sqrt(-1/x2) - sqrt(x4 - x5)) + 0.351301*x3*(5.35967777052036*x2 + 9.39))/(x3*(5.35967777052036*x2 + 9.39))
gomea,feynman_II_10_9,ok,3,200,0.999553,0.004079,28,2006.05,,zoo*x0/(x1*x2) + 0.000562704*x1*(x0 - x1)/(x0*x2 - 7.103*x1) - 0.001899
gomea,feynman_II_11_20,ok,5,200,0.999925,0.063341,31,2060.32,,(-0.000910131514856308*x0*x1**2*(x2*(2*x1 + x2 - x4 - 376.52433) + x4) - 0.007827*x3*x4)/(x3*x4)
gomea,feynman_II_11_27,ok,4,200,0.999832,0.005044,29,2005.31,,(0.059981*x0*x1*x2*x3*((x0 - x1)**2 - 51.992114) - 0.001199*x0*x1 + 0.00370491)/(x0*x1 - 3.09)
gomea,feynman_II_11_28,ok,2,200,0.99798,0.014045,16,2018.2,,((1.991681 - 1.767912*log(x0*x1 - 1.74327278416202))*(x0 + 0.650384501660364*I) - 0.0111219846827133)/(x0 + 0.650384501660364*I)
gomea,feynman_II_11_3,ok,5,200,0.999465,0.003087,29,2004.29,,(1.01243791058996*x0*x1*x3 - 0.000723*x2*x3*(x3**2 - x4**2) - 0.00040110946136339)/(x2*x3*(x3**2 - x4**2) + 0.554784870488783)
gomea,feynman_II_13_17,ok,4,200,0.999747,0.000498,28,2004.41,,-2.7e-5 + 66.0444442994104*x2/(x0*x1*(x1*x3 + 0.0383423423423423)*(0.0699986000279994*x2 + log(x1 - 1.444) + 409.880313))
gomea,feynman_II_13_23,ok,3,200,0.999135,0.030266,27,2025.57,,1.01088161237249*x0 - 0.40828608*x0/(x2*(log(x2) - x2/x1)) - 0.010803019631453 - 0.141766*log(x0)/(x1*x2)
gomea,feynman_II_13_34,ok,3,200,0.999493,0.046431,19,2036.66,,(-0.00505*x1*(39.018*x0 - log(x2))*(x2 - (x1 - x2)*log(-x2 - 43.931)) + 0.06541*x1 - 0.06541*x2)/(x1 - x2)
gomea,feynman_II_15_4,ok,3,200,0.999805,0.083484,26,2049.2,,0.006214*x0*x1*sqrt(x2)*(x2**2 - 40.018)*(x2**2 - 2.43721152139079)*(log(-x2) - 1.54905076241901) - 0.02494
gomea,feynman_II_15_5,ok,3,200,0.999658,0.109985,29,2010.41,,(0.028517*x0*x1*(x2*(x2 - 7.089) + 2.04918032786885)*(x2**2*(x2 - 5.095) + 8.712272) + 0.036319*x2)/x2
gomea,feynman_II_21_32,ok,5,200,0.999474,0.000612,31,2098.11,,(-0.080141392968*x0*x2*x4 - 4.9e-5*x0*x4*(x0 - x2*x3**2)*(x3 - x4) + 0.000208*x1*x2**2*(-x3 + x4))/(x1*x2**2*(x3 - x4))
gomea,feynman_II_24_17,ok,3,200,0.998917,0.033496,26,2015.04,,0.0239320027648177*x0*x1 + 0.982062577221892*x0/x1 + 0.553978*I*pi*x0/x1 - 0.0239320027648177*x1**2 - 1.58676635093212*x1/(x2*log(x0*x2)) + 0.057978
gomea,feynman_II_27_16,ok,3,200,0.999868,0.979245,26,2037.02,,(-0.065701*x1 + 0.197103*x2 + (0.996837904510143*x0*x1*x2**2 + 0.208629)*(x0 + x1 - 8.982))/(x0 + x1 - 8.982)
gomea,feynman_II_27_18,ok,2,200,0.999845,0.281817,22,2008.35,,(-0.173434*x0 + (x1 - 5.377)*(0.998459538*x0*x1**2 + 0.173434*log(x0 + 2*x1 - 12.555) - 0.43897))/(x1 - 5.377)
gomea,feynman_II_2_42,ok,5,200,0.999904,0.081601,31,2032.29,,-0.997330508*x0*x3*(x1 - x2)/x4 - 0.021878*(x0/x1 - x2/x0)/(x1 - x2/x4 + x4) + 0.003982
gomea,feynman_II_34_11,ok,4,200,0.999556,0.139543,28,2006.48,,(0.001877*x0*x1*x2*(x0 + 262.942948)*(x2 - 3.638) + x3*(x2 - 3.638)*(-0.000937562437562438*x0**2*x1 + 0.021949) - 0.001877*x3*log(x0))/(x3*(x2 - 3.638))
gomea,feynman_II_34_2,ok,3,200,0.999703,0.213871,24,2005.97,,(-0.040107*x0 + (x1 - 5.147)*(0.498650331*x0*x1*x2 - 0.040107*sqrt(-x0/(x2*(x2 - 4.187))) + 0.046255) + 0.044358342)/(x1 - 5.147)
gomea,feynman_II_34_29a,ok,3,200,0.999786,0.003042,30,2003.94,,(0.000524744*x0*x1*(x0 - 4.108)*(sqrt(x1) + 150.949611) - 8.4e-5*x2*(x0 - 4.108) + 6.7e-5*x2*(x1 - 1.919)*(x1 - x2)**2)/(x2*(x0 - 4.108))
gomea,feynman_II_34_29b,ok,5,200,0.999775,2.533869,28,2005.72,,(11074.074505*x0*x2*x3*x4 + 0.054346*(6.572*x1 - 0.0482206577297714*x4)*(x0 - x1 - log(x4 - 3.905) + 270.2784))/((6.572*x1 - 0.0482206577297714*x4)*(x0 - x1 - log(x4 - 3.905) + 270.2784))
gomea,feynman_II_34_2a,ok,3,200,0.999658,0.01034,22,2073.63,,0.157388392383905*x0*x1/x2 - 0.004851*log(-x0 - x1 + x2 + 6.385) + 0.009934
gomea,feynman_II_35_18,ok,5,200,0.949965,0.07226,25,2085.88,,(0.630178*x1**2 + 0.267503*(x1*sqrt(x0/x2) - 0.0893734918223255*x3*x4)*(1.43061516452074*x1*x2*log(x0) - x3*x4))/x1**2
gomea,feynman_II_35_21,ok,5,200,0.898555,1.501694,25,2064.5,,(0.657713*x2**2 + 0.051553*(x1*x2 - 0.259067357512953*x3*x4)*(x0*x2*(x1 + 16.816) - 1.809*x3*x4))/x2**2
gomea,feynman_II_36_38,ok,8,200,0.980368,0.168029,28,2019.15,,(0.51388*x0*(x1*x6**2 + x7)*(x4 + x5 + 2*x6) - 0.021678*x2*x3*x6**2*(x5 + x6))/(x2*x3*x6**2*(x5 + x6))
gomea,feynman_II_37_1,ok,3,200,0.999722,0.448299,26,2009.42,,(0.060385*x0**2*x1*(x1**2 - 21.703)*(x2 + 0.961)*(16.793*x2 - 0.08) - 0.028072*x0*x2*(x1**2 - 21.703) + 0.060385*x2*(x0*sqrt(x2) + x2))/(x0*x2*(x1**2 - 21.703))
gomea,feynman_II_38_14,ok,2,200,0.999476,0.004414,25,2010.08,,nan
gomea,feynman_II_38_3,ok,4,200,0.999899,0.085785,29,2029.64,,(0.002729*x0*(x0 - x1**2*x2) + 0.002729*x1*x3*(365.919708*x0 + x2)*(x0*x3 - 16.394) + x2*(-0.01302*x0*x3 + 0.21344988))/(x2*(x0*x3 - 16.394))
gomea,feynman_II_3_24,ok,2,200,0.999813,0.00062,28,2003.2,,(-0.0144162870159453*x0*(log(x0 - 4.489) - 441.50644296) + 0.000277*x1*(81.3705*x1 - 1.501))/(x1*(81.3705*x1 - 1.501))
gomea,feynman_II_4_23,ok,3,200,0.999845,0.000354,29,2126.42,,-0.000138000000000000
gomea,feynman_II_6_11,ok,4,200,0.999647,0.000344,27,2002.02,,(0.000207*x0*x3**2 - 0.00421*x1*(6.889*x2*(x2 - 4.285) - (x2 - 0.894)*log(x2))*log(-1.559/x2))/(x0*x3**2)
gomea,feynman_II_6_15a,ok,6,200,0.999814,0.005355,29,2007.93,,(2.14674*x1*x5*(x3 + x4) + x2**4*(0.00482846*x0*x2 - 0.000379*(x3 - x4)**2))/(x2**4*(12.74*x0*x2 - (x3 - x4)**2))
gomea,feynman_II_6_15b,ok,4,200,0.998431,0.001489,28,2010.98,,(0.000435*x0*x3**3*(x2*(x2 + 1.088) + 1.32) + 0.332168*x1*x2**2*(x2 - 1.547)*(x2 - 3.10032256386332*I))/(x0*x3**3*(x2*(x2 + 1.088) + 1.32))
gomea,feynman_II_8_31,ok,2,200,0.999767,0.201057,26,2048.16,,(0.045437*sqrt(x1)*log(x1) + (18.102*x0 - 17.089*x1)*(0.498807386*x0*x1**2 + 0.045437*log(4.318 - x1) + 0.014364))/(18.102*x0 - 17.089*x1)
gomea,feynman_II_8_7,ok,3,200,0.999739,0.000958,23,2012.02,,(0.047712849536*x0*(x0 + 0.004) + x1*x2*(0.000604*log((-x0 + 2.4708077254085*x1)/x1) - 0.000266))/(x1*x2)
gomea,feynman_I_10_7,ok,3,200,0.999064,0.034937,23,2015.51,,-142.382385*(2*x1/(x1 - x2) - 10.502)/(x0 + 1.462 - x2/x1 + 1529.917929/x0) - 0.009898
gomea,feynman_I_11_19,ok,6,200,0.998761,0.354934,28,2002.43,,((x2*x3 - 25.22)*(0.997369*x0*x3 + 0.997369*x1*x4 + 0.997369*x2*x5 + 0.0724111701759966) + 0.997369*log(x5 - 3.095))/(x2*x3 - 25.22)
gomea,feynman_I_12_1,ok,2,200,0.999629,0.078773,30,2015.35,,1.002923508*x0*x1 - 0.00103357706369059*x0/(x1 - 4.531) - 0.021486*(x1 - 1.17350406246311)/(-x0**2 + x1 + 19.842) - 0.014947
gomea,feynman_I_12_11,ok,5,200,0.971875,3.908428,30,2044.62,,(2.09709*x0*x3 - 2.09709*x3*x4*(x0*x2*(x4 - 3.113)*log(x4) + 1) + x4**2*(2.09709*x0 + 2.09709*x1 - 3.711565))/x4**2
gomea,feynman_I_12_2,ok,4,200,0.999941,0.000759,24,2001.22,,(0.804752*x0*x1*x3 + 0.043456608*x1 + x3**2*(7.04048277596178e-5*x2*x3 + 7.0e-6*log(x2)))/(x3**2*(10.0578325370883*x2*x3 + log(x2)))
gomea,feynman_I_12_4,ok,3,200,0.999826,0.000284,24,2004.32,,(1.450444*x0 - 1.0e-5*x2*(0.111123458162018*x0 + x2*(17.892*x1 + log(x1)) - 0.111123458162018*x2))/(x2*(0.111123458162018*x0 + x2*(17.892*x1 + log(x1)) - 0.111123458162018*x2))
gomea,feynman_I_12_5,ok,2,200,0.999394,0.113406,22,2002.65,,1.028512059795*x0*x1 - 0.093685*log(x0)*log(x1) + 0.093685*log(x0 + x1 - 8.678) - 0.220049
gomea,feynman_I_13_12,ok,5,200,0.999836,0.134472,30,2008.5,,(0.002633782*x0*x1*x4*(-0.0532651539362949*x0 + (x0 + 375.390758)*log(x2))*(x2 - x3) - 0.008174*x2*x3*log(x2))/(x2*x3*log(x2))
gomea,feynman_I_13_4,ok,4,200,0.999368,0.530433,15,2006.92,,0.497179*x0*(x1*(x1 + 0.029) + x2**2 + x3**2) + 0.018841
gomea,feynman_I_14_3,ok,3,200,0.998848,0.637933,28,2081.09,,(0.021564*x0**2 + 0.021564*x0 - 0.021564*x1 + (1.00092129585724*I*x0*x1*x2 - 0.038913)*(-x1**2 + x1 + 12.468))/(-x1**2 + x1 + 12.468)
gomea,feynman_I_14_4,ok,2,200,0.999861,0.185193,22,2010.05,,(-0.25158*x0 + (x1 - 6.23)*(0.50316*x0*x1**2 + 0.25158*log(x0 + x1 - 9.099) - 0.481649) + 0.402528)/(x1 - 6.23)
gomea,feynman_I_15_10,ok,3,200,0.999113,0.051738,24,2002.54,,(1.00391025*x0*x1*x2 - 0.037625*x0*x1 - 0.001222*sqrt(-x1**2 + x2**2) + 0.0491128925908981)/sqrt(-x1**2 + x2**2)
gomea,feynman_I_15_3t,ok,4,200,0.999587,0.024794,17,2002.36,,(-1.998442*x0 + 0.999221*x2*x3 + (x0 + x1)*(x1 - x2)*(0.999221*x3 + 0.01309))/((x0 + x1)*(x1 - x2))
gomea,feynman_I_15_3x,ok,4,200,0.998191,0.066275,31,2003.39,,-1.011791*x0*x1**2/(x2*(x1 - 3*x2)) + 1.011791*x0 - 1.011791*x1*x3 - 0.0894835942336606*x1/(x1 - x2) - 0.0819842669999957
gomea,feynman_I_16_6,ok,3,200,0.994624,0.082582,21,2014.7,,(-1.094387*x1*(x0 - x1)*(x0 - x2) + (x0 + x1**2*x2)*(1.094387*sqrt(x0)*log(x0) + 0.94349))/(x0 + x1**2*x2)
gomea,feynman_I_18_12,ok,3,200,0.999067,0.221958,26,2037.46,,-0.287354128330411*x0*x1*(-x2)**(3/2)*(sqrt(x2) - 2.38481003324971)*(x2 - 3.172) - 0.15036
gomea,feynman_I_18_14,ok,4,200,0.999327,0.60367,26,2006.68,,0.003749*x0*x1*x2*(x3 - 3.123)*(x3 + 18.886)*(1.692*x3*(x3 - 6.831) + 4.47526535526107*sqrt(-x3)) + 0.443529
gomea,feynman_I_18_4,ok,4,200,0.998164,0.04123,29,2003.83,,3.16876078343635*(0.156122*x1*(x0 - x1)*(x2 - x3)*(x3 - 14.767) + 0.315580780104061*x1*(x0 + x1)*(x3 - 14.767)*(0.156122*(3.17684476639127 + I*pi)*(x2 + x3) + 0.006355) - 0.0492691025514062*x2*(x0 + x1))/(x1*(x0 + x1)*(x3 - 14.767))
gomea,feynman_I_24_6,ok,4,200,0.9998,0.208468,31,2004.3,,0.251292*x0*x3**2*(x1**2 + x2**2) - 0.125646*(x1 - 2.052)*(x1 - 2.038)*(x1 + x2*x3 - 4.896) - 0.040412
gomea,feynman_I_25_13,ok,2,200,0.994127,0.056516,25,2007.91,,0.0043022*x0*(232.800825 - 0.698/x0)/x1 + 2.0e-5 + 0.00035*log(x0)/(sqrt(x0 - 2.814)*(x1 - 1.42))
gomea,feynman_I_26_2,ok,2,200,0.998148,0.01558,28,2011.98,,(-0.198152*x0*(0.0759416767922236*x1 + (x1 - 5.546)*(x1 + log(x1)))*(x1 - 6.395)*(x1 - 3.15) - 0.00153*(x0 - 3.335)*(x1 - 5.546))/((x0 - 3.335)*(x1 - 5.546))
gomea,feynman_I_27_6,ok,3,200,0.999618,0.008067,29,2007.38,,0.99839920734*x0*x1/(x0*x2 + x1) + 0.003155*x1*(x1 - 3.512)/(x2*(x0/x2 - 14.904/x1)) + 0.000635
gomea,feynman_I_29_16,ok,4,200,0.940264,0.457327,25,2002.87,,(x0*x1*(x0 + 21.087)*(1.266768*sqrt(x0*x1)*sqrt(-x2 + x3) - 2.746796) - 1.266768*(x0**2 + x1**2)*(x1 - 22.358))/(x0*x1*(x0 + 21.087))
gomea,feynman_I_29_4,ok,2,200,0.999782,0.015261,26,2003.72,,0.001026*sqrt(x0)/((x0 - 7.973)*(x0*x1 - 6.17203370049127)) + 1.00141113537*x0/x1 - 0.001026*log(x1 - 4.196) + 2.5e-5
gomea,feynman_I_30_3,ok,3,200,-1.118218,2.984745,22,2009.18,,-16.020802*x0*log(x0)/(x1*(x0 + x1)*(x1 - 5.088)*sqrt(x1 + log(x2) - 2.216)) + 0.565524
gomea,feynman_I_30_5,ok,3,200,0.999784,0.002551,15,2004.0,,0.946893585*x0/(x1*x2) - 0.046355*x2/(x0/x1 - x2) - 0.045878
gomea,feynman_I_32_17,ok,6,200,0.999666,0.082315,31,2006.63,,(-0.743832*x0*x1*x2**2*x3**2*x4**3 + (-0.0192483132281374*x4 + 0.048057*x5)*(x4 - x5)**2)/((0.400530895148208*x4 - x5)*(x4 - x5)**2)
gomea,feynman_I_32_5,ok,4,200,0.999875,0.0122,22,2008.68,,(0.104942*x0**2*x1**2*x3 + 0.000684*x2*x3**4 - 0.000342*log(x3))/(2*x2*x3**4 - log(x3))
gomea,feynman_I_34_1,ok,3,200,0.999123,0.05048,22,2004.67,,(-0.013443*x0*x2*(sqrt(x2) - 77.286) + (x0 - x1)*(0.013443*log(sqrt(x0) + x1 - x2) - 0.053462))/(x0 - x1)
gomea,feynman_I_34_14,ok,3,200,0.999035,0.039173,23,2004.26,,(0.060312*x0**2*sqrt((-x0 + x1)/(x0 + x1)) + x0**2*(1.006848348*x2 - 0.030389*log(x0)) - 0.030389*x2**2)/(x0**2*sqrt((-x0 + x1)/(x0 + x1)))
gomea,feynman_I_34_27,ok,2,200,0.999377,0.022971,26,2023.59,,(0.00134*x0*x1 + x1*(x0*x1 - 18.162)*(0.157032255*x0*x1 + 0.00134*x1**2*log(x0) + 0.004386) + 0.00984766)/(x1*(x0*x1 - 18.162))
gomea,feynman_I_34_8,ok,4,200,0.999878,0.140982,30,2005.27,,(-0.003973*x0*(-x2 + 2*x3 + 0.867) + 0.083341621*x1*x2*(12.061*x0 - 0.0417327435105584*x1)*log(x3) + 0.002745*x3*log(x3))/(x3*log(x3))
gomea,feynman_I_37_4,ok,3,200,0.995987,0.202273,31,2009.46,,0.400005*x0/x1 + 0.400005*(x0 + x1)*(x2 - 0.212)*(x2 - 6.284 + 9.816/x2) + 0.400005*(x0 + x1)/(x2 + 1.98) - 0.866421 + 0.400005*x1/x0
gomea,feynman_I_38_12,ok,4,200,0.999961,0.007476,28,2044.62,,(6.5e-5*x0*x1**2*(x1 + x3 + log(x1 - 2.438) - 377.135839) - 118.40174604646*x2**2*x3)/(x0*x1**2*(x1 + x3 + log(x1 - 2.438) - 377.135839))
gomea,feynman_I_39_1,ok,2,200,0.999592,0.1653,24,2020.66,,(-0.102645*x0*x1 + (x0 - 7.573)*(1.49184243*x0*x1 + 0.102645*log(2*x0 + x1 - 12.634) - 0.230196))/(x0 - 7.573)
gomea,feynman_I_39_11,ok,3,200,0.999824,0.04221,22,2015.21,,(1.00259337024*x1*x2 - (x0 - 1)*(0.012914*log(-x1 + 0.954859386990475*x2) + 0.007496))/(x0 - 1)
gomea,feynman_I_39_22,ok,4,200,0.999146,0.275376,31,2012.02,,-0.004631*x0*x1*x3*(x0/x2 - 217.503648)/x2 + 0.004631*(23.283/x3 + 15.684/x2)/(-x1 + x2**2 + 3.543) - 0.020129
gomea,feynman_I_40_1,ok,6,200,0.94532,0.123531,26,2004.0,,(-0.176655*x1*x2*x4**2 + 0.428083*x4*(x0*x3*x5 - x0 + x3) - 0.176655*x5*log(x3) + 1.115156215)/(x1*x2*x4**2 + x5*log(x3))
gomea,feynman_I_41_16,ok,5,200,0.999527,0.047005,28,2002.58,,(0.007211*x4**2 + 0.0850636957427946*(x1*x3 - 0.296647878967665*x2)*(x0**2 + sqrt(x0**2) - 1))/x4**2
gomea,feynman_I_43_16,ok,4,200,0.99947,0.300675,30,2013.26,,-0.006887*x0*x1*x2*(x1/x3 - 146.771697)/x3 + 0.020868198080418*x1**2/(-x0 + x1 + x3**2) - 0.042762
gomea,feynman_I_43_31,ok,3,200,0.999703,0.342522,22,2068.26,,0.0730113568439928*x0*x1*x2*(0.041988579106483*x2 + 13.612) + 0.122148*log(-x0 - x1*x2 + 17.624) - 0.312581
gomea,feynman_I_43_43,ok,4,200,0.999897,0.018103,26,2005.07,,1.001725581402*x1*x3/(x0*x2 - x2) + 0.007119*(x3 - 2.00760304121649)/(x1/x2 - 3.45354889932081*I) + 9.9e-5
gomea,feynman_I_44_4,ok,5,200,0.999885,0.305908,24,2019.53,,(0.019042*x4*(x1 - 5.123) - 0.090055*(11.048*x0*x1*x2*x4*(x1 - 5.123) - x3)*log(x3/x4))/(x4*(x1 - 5.123))
gomea,feynman_I_47_23,ok,3,200,0.999051,0.017268,24,2015.17,,(x2*(x0 - 11.527)*(0.982131807430347*sqrt(-x0*x1/x2) + 0.015172) - 0.00876871334235675*(x0 + x1)**2)/(x2*(x0 - 11.527))
gomea,feynman_I_48_2,ok,3,200,0.999704,1.379245,21,2010.19,,(0.999166*x2 + (x0 + x1)*(x0*x2 - 44.163)*(0.999166*x0*(x1 + x2**2) + 0.03447) + 37.156985208)/((x0 + x1)*(x0*x2 - 44.163))
gomea,feynman_I_50_26,ok,4,200,0.694851,1.123096,16,2010.89,,1.179304*sqrt(-x0*x3**2/(1.045*x1*x2 - 6.571)) - 1.015112
gomea,feynman_I_6_2,ok,2,200,0.996302,0.002867,19,2002.2,,(-0.285157*x0*(log(x0) + 0.25719291774253) + 0.223995*x0*log(x0 + 12.972*x1 + 5.705) - 0.285157*x1)/(x0*(log(x0) + 0.25719291774253) + x1)
gomea,feynman_I_6_2a,ok,1,200,0.999769,0.000976,25,2021.75,,(-x0**(1/4)*(0.08359925*x0 + 0.010787*log(x0) + 0.0126142429292157) + 0.262078754*x0 - 0.382039*log(x0))/(0.686*x0 - log(x0))
gomea,feynman_I_6_2b,ok,3,200,0.991501,0.005037,18,2003.91,,(-0.046072*x0 + 0.105665*(x1 - x2)**2 + 0.0758685*log(x0) + 0.44840786705507)/(x0 + (x1 - x2)**2)
gomea,feynman_I_8_14,ok,4,200,0.999451,0.025009,16,2135.38,,1.000705*sqrt(-(x0 - x1)**2 - (-x2 + x3)**2) - 0.004203
gomea,feynman_I_9_18,ok,9,200,0.99381,0.008644,31,2005.62,,(-0.507925*x0*x1*x2**2*x8*(x4 + 2*x6 + x8) + 0.005551*x7*(x2*x8*(-x3*x5 + x4*x8) + x4 - x7))/(x7*(x2*x8*(-x3*x5 + x4*x8) + x4 - x7))
gomea,feynman_test_1,ok,7,200,0.99435,0.523022,31,2022.94,,(0.917159*x0**2*x1**2*x2**2*x3**2*x4**2 + x5**2*x6**2*(0.150318*x6 - 0.025103106))/(x5**2*x6**2*(x6 - 0.167))
gomea,feynman_test_10,ok,3,200,0.996116,0.032752,19,2006.54,,sqrt((-x0 + x1)/x0)*(-0.312858428549891*I*x2 + 1.37558126679449*log(x2) - 2.75081861677613*I) + 3.256745
gomea,feynman_test_11,ok,4,200,0.994395,0.106417,28,2082.21,,-0.014087702*x0*x3**2*(9.794*x1 - 43.181746)*(x3 - 3.171)*(x2*log(x3) - x3) + 0.111368
gomea,feynman_test_12,ok,5,200,0.999739,0.255536,31,2135.5,,(617.700261*x0*x2*x3*(x0 - 6.693) + 0.051131*x1*(x0 - 6.693)*(x0 + 610.370244*x1 - x2*x4 + x4) + 617.700261*x2)/(x1*(x0 - 6.693)*(x0 + 610.370244*x1 - x2*x4 + x4))
gomea,feynman_test_13,ok,5,200,0.969835,0.003314,23,2104.84,,0.039345*x0*(x3 + 4.835)/(x2*(x3*x4 + x4/x1)*log(x3 - 7.57516571444213 + I*pi)) + 0.000711
gomea,feynman_test_14,ok,5,200,0.688705,7.488516,24,2011.69,,(-0.818969994077779*x0*x3*x4*(1.35166563912826*I*x2 - x3)*(sqrt(x1 - 2.986) - 1.18913305088714) + 0.311684*x2)/x2
gomea,feynman_test_15,ok,4,200,0.966917,0.243942,14,2010.28,,(-1.021991*x1*x2*log(x3 - 3.161) + (x0 + x2)*(1.021991*x2 + 0.031492))/(x0 + x2)
gomea,feynman_test_16,ok,6,200,0.992072,2.212469,28,2001.92,,0.942439*x0*x1**2 - 0.942439*x0 + 0.942439*sqrt(x1)*x3*x4 - 0.942439*x2 + 0.942439*x3*x5 + 0.942439*(x0 - x3)*(x0 - x4) + 0.231594
gomea,feynman_test_17,ok,6,200,0.999967,8.51817,29,2006.85,,(0.496822*x0*x1**2*x4**2*(x3*(x3 + x4*x5)*(x5 + 12.92) + x4) + x3**2*(2.649421*x5 + 34.23051932))/(x3**2*(x5 + 12.92))
gomea,feynman_test_18,ok,5,200,0.999753,0.01048,31,2033.29,,0.000377091999999912 + 0.119206*x1*x4**2/(x0*x2**2) + 0.119206*x3**2/x0
gomea,feynman_test_19,ok,6,200,0.99874,0.781264,30,2004.76,,(0.222109*x0*x2**2 - 0.158436*x1*x5**3 - 0.079218*x2**2*x3*x5**2*(sqrt(x3) - x3*x4))/(x0*x2**2)
gomea,feynman_test_2,ok,6,200,0.265087,1.188761,26,2007.95,,(1.141222*(x0 + x1)*sqrt(-x4 - 17.488) - 0.698867*(x2 + 0.808)*(x2 + (x4 - x5)**2))/((x2 + 0.808)*(x2 + (x4 - x5)**2))
gomea,feynman_test_20,ok,7,200,0.953025,0.821328,30,2007.4,,(0.02005*x0**3*x4**2*x5**2 + 0.764839*x1**2*x2*(x1 + x2*x3 - x4)*log(x3))/(x0**3*x4**2*x5**2)
gomea,feynman_test_3,ok,4,200,0.999364,0.049371,21,2001.24,,(-2.820445*x0*x1 + 2.820445*x0 - 0.217174265*sqrt(x1) - 0.141918*(x2 - x3)**2 + 0.399242396706231 + 0.141918*I*pi)/(-(x2 - x3)**2 + 2.81319069255649 + I*pi)
gomea,feynman_test_4,ok,5,200,0.996588,0.032312,24,2005.77,,(x0*x1*x4*(x0 + x4)*(1.44519385977809*sqrt((-x1 + x2)/x0) - 0.049682) - 0.287724*x3**2*(x1 - x4))/(x0*x1*x4*(x0 + x4))
gomea,feynman_test_5,ok,4,200,0.999598,0.070355,19,2096.4,,(6.26459052513*x0 - 0.010276*sqrt(x1*(x2 + x3)/x0) + 0.091778*sqrt(x2 - 2.014))/sqrt(x1*(x2 + x3)/x0)
gomea,feynman_test_6,ok,7,200,0.964521,0.073547,31,2036.64,,2.680589*x0*x1*x6/(x3*x4*x5**3*(x2*x3 + x2/x1 + x4*x6/(x0*x5))) + 0.96477
gomea,feynman_test_7,ok,5,200,0.998384,0.058007,23,2015.02,,(-1.53249*x2*x3**2 + x4*(2.94143064004062*sqrt(x0*x1) - 0.08783)*(x0*x1 + 12.758*x4))/(x4*(x0*x1 + 12.758*x4))
gomea,feynman_test_8,ok,4,200,0.994832,0.036077,27,2003.79,,(0.299564*sqrt(x2) + 0.018523*(sqrt(x2)*(sqrt(x1) + log(x2)) - log(x3))*(18.978*x0 - x1*x2 + x3 + 2.336))/sqrt(x2)
gomea,feynman_test_9,ok,5,200,0.973863,286.167315,30,2029.89,,(-133.933463*x0*x2*x3**2*(x2 - x4)*log(x0) + x1**2*x4**4*(65.340705*x1 - 52.076541885))/(x1**2*x4**4*(x1 - 0.797))
gomea,first_principles_absorption,ok,1,14,-6457517.022757,3664.135991,23,2002.63,,(x0*(x0 - 99.096)*((0.023248*x0 - 0.864477916187411)*sqrt(x0 - 19.35) + 3.882609)*log(log(x0)) + 0.622558192)/(x0*(x0 - 99.096)*log(log(x0)))
gomea,first_principles_bode,error,,,,,,,TypeError: predict error: wrong data type,
gomea,first_principles_hubble,ok,1,32,0.790367,119.840252,19,2006.16,,(799.458481939*x0 + (log(-x0) + 1.17711535015605)*(99.348637*log((x0 - 0.885)/log(x0)) + 70.154651) - 207.909663086545 - 99.348637*I*pi)/(log(-x0) + 1.17711535015605)
gomea,first_principles_ideal_gas,ok,3,30,0.988984,0.20356,27,2002.86,,(1.74581466*x0 + x1*(x0 - 58.134)*(0.00102*x1 + 0.00102*(sqrt(x0) + x0 - 979.757)*log(x2/x0) + 7.55216188) - x1*(0.00102*x1 + 0.11969598) - 101.49118944444)/(x1*(x0 - 58.134))
gomea,first_principles_kepler,ok,1,6,0.873339,24.550815,30,2019.49,,301.011367515*x0**(3/2) - 470.16202897*sqrt(x0) + 312.273812515*x0 + 221.80520539 - 0.248031345086216/x0**2
gomea,first_principles_leavitt,ok,1,26,0.939105,0.275538,27,2004.33,,(0.002289*x0 + (x0 - 0.555)*(-0.68626158490008*x0*(log(x0) + 1.75059019218998) + 14.811411)*(-2*x0 + 2.17645481584983 + I*pi) - 0.005505045)/((x0 - 0.555)*(-2*x0 + 2.17645481584983 + I*pi))
gomea,first_principles_newton,ok,3,30,0.991812,1.185854,17,2006.57,,0.009843*log(x1*(x2 - 4720035429468268918044566224896.0)/x0)*log(x2*(1180279902294746320762551926784.0 - x2)/x0) - 61.799379
gomea,first_principles_planck,ok,2,100,0.998649,11.983031,23,2009.01,,-70.8296190000000
gomea,first_principles_rydberg,ok,2,50,0.989525,0.152694,18,2034.69,,1.020339*log(x0*x1) - 1.020339*log(log(x1/x0)) - 17.006901 - 0.070548226509023*x1/x0**2
gomea,first_principles_schechter,ok,1,27,0.972814,0.612793,21,2001.76,,1.3845119101489771e-20*x0 - 1.7948798575346666e-10*(x0 + 6682562731.826)*log(x0) - 79388096.8359375
gomea,first_principles_supernovae_zg,ok,1,200,0.996576,0.014803,29,2005.63,,(0.003881*x0**4 - 0.341068009*x0**3 + 3.89174196787*x0**2 + 252.29279577739*x0 + 1121.661774844)/(1.0*x0**3 + 12.17*x0**2 + 254.135625*x0 + 1103.91632)
gomea,first_principles_supernovae_zr,ok,1,200,0.987618,0.026299,20,2008.25,,0.013272*x0 - 0.115613518689953*sqrt(-x0*log(x0)) + 0.013272*log(x0 - 13.88) + 1.02753912
gomea,first_principles_tully_fisher,ok,1,18,0.297924,0.817415,20,2008.11,,2122286567681188.0 - 1500683223609707.974265533486*sqrt(2)
gomea,nikuradse_1,ok,2,200,0.969227,0.014685,19,2005.45,,(1.742428*x0*(x1 + log(-x0) - 5.27194258991272) - 3.953582*x0*log(x0/x1)*log(log(x1)) + 2.223338128)/(x0*(x1 + log(-x0) - 5.27194258991272) + 1.276)
gomea,nikuradse_2,ok,1,200,0.957525,0.044645,30,2052.01,,(1.505695032*x0 + (x0**2 - x0 + 0.961)*(0.118568*x0**2*log(x0) - 0.11988675429727*x0 + 0.647861) + 0.011382528)/(x0**2 - x0 + 0.961)
gomea,solar_flare,error,,,,,,,TypeError: predict error: wrong data type,
gomea,strogatz_bacres1,ok,2,200,0.999967,0.00987,21,2003.37,,-0.99359*x0 + 19.6793443 + 0.99359*log(x0)/(x0 - log(x1)) - 1.98718*x1/x0
gomea,strogatz_bacres2,ok,2,200,0.999662,0.035491,23,2008.16,,1.310761*x1**(1/4)/(-x0 + x1 + 65.49/x0) + 9.669311 + 0.273302960800667*x1*log(-0.0110274252064885*x0)/sqrt(x0)
gomea,strogatz_barmag1,ok,2,200,0.99531,0.013031,29,2016.21,,-0.537322*(x0**2 - x0/x1)*(x0 + 0.028 - 5.65711940832081*I)/(3.354*x1 - 5.19576750827055/(x0 - x1) + 6.225/x1) + 0.201028
gomea,strogatz_barmag2,ok,2,200,0.995073,0.018784,26,2011.81,,(-0.027056*x0*(x0 + 27.76) - 6.797206*(0.15802781289507*x0 + log(x1))*(x0 - 5.982)*(x0*(-2*x0 + x1 + 4.266) + x1))/(x0*(x0 + 27.76))
gomea,strogatz_glider1,ok,2,200,0.217825,0.653319,12,2007.61,,-0.403424*log(-x0/x1 - log(13.969 - x1) + 1.16490342947388) - 0.441507
gomea,strogatz_glider2,ok,2,200,0.893526,0.253367,24,2012.44,,0.138797*x0**2 + 0.138797*x0 - 0.138797*log(-7.269*x0 - x1 + 34.938) + 1.237373588 + 1.968557851/(x0**2*x1)
gomea,strogatz_lv1,ok,2,200,0.999354,0.003714,23,2010.28,,(-0.033522*x0 + 0.068554*((0.698915915095199 - 14.964*x0)*(x0 - 3.372) + log(x1))*(x0 + 2*x1 - 3.01976820302486) + 0.113036184)/(x0 - 3.372)
gomea,strogatz_lv2,ok,2,200,0.999888,0.000821,30,2025.59,,-0.00136808658524476*x0*x1*(x1**3 + 1.82) - 0.984142857142857*x1*(x0 + x1 - 2.00053360657496 - I*pi) - 0.000502
gomea,strogatz_predprey1,ok,2,200,0.998226,0.041034,28,2007.41,,0.015918*(sqrt(x0)*(x0 - 40.213) + 4.155*x0 + 4.96970824093326*I)*(x0**2 - 3*x0 + x1 - 4.01506683965061) - 0.004177
gomea,strogatz_predprey2,ok,2,200,0.997447,0.078742,24,2009.81,,0.01237*(2.021*x1*(x1 - 23.673) + 95.863*log(x1))*(-7.38234380125987*sqrt(x0) + x0 + x1) - 0.100752
gomea,strogatz_shearflow1,ok,2,200,0.98331,0.078842,16,2005.39,,(0.02598*(x0 + log(x0) - 18.18)*log(log(-x1) - 1.00356873998122) - 0.498062*sqrt(log(x1)))/sqrt(log(x1))
gomea,strogatz_shearflow2,ok,2,200,0.845096,0.098273,24,2049.57,,(0.061331*x0*x1*(x0 + x1) + (x1 + 3.071)*(0.061331*sqrt(8.027*x0 + 21.704*x1) - 0.218891))/(x1 + 3.071)
gomea,strogatz_vdp1,ok,2,200,0.993995,0.052491,26,2006.42,,-4.97085495052322*sqrt(-x0)*(x0 + x1)*log(x0) + 8.047567*(0.128865979381443*x1 + 1)*(1.077*x1 - 0.96591925128346) + 7.758612
gomea,strogatz_vdp2,ok,2,200,0.999853,0.001186,31,2071.67,,nan
