dataset,algorithm,status,n_features,r2,rmse,complexity,complexity_unified,seconds,error,expr
1029_LEV,ITEARegressor,ok,4.0,0.3506484195820283,0.7427577685377036,2.0,15.0,1686.5,,0.439*id(x_1) + 0.037*id(x_0 * x_2 * x_3) + 0.678
1030_ERA,ITEARegressor,ok,4.0,0.4565646546923152,1.3641627455958605,2.0,13.0,2250.2,,1.53*tanh(x_3) + 0.031*id(x_0 * x_1) + 1.36
1096_FacultySalaries,ITEARegressor,ok,4.0,0.8901812238389961,1.838283627579264,2.0,17.0,2230.5,,0.005*id(x_2 * x_3) + -9.419*exp(x_1**-1 * x_2) + 56.585
1089_USCrime,ITEARegressor,ok,13.0,0.5820349590653473,22.873297532055837,2.0,53.0,2581.9,,-67.976*log(x_3 * x_4 * x_6**-1 * x_7**-1 * x_10 * x_11**-1 * x_12) + 0.001*sqrtabs(x_0 * x_1 * x_3**-1 * x_4 * x_5 * x_7 * x_9 * x_10 * x_11**-1 * x_12**-1) + 381.825
1027_ESL,ITEARegressor,ok,4.0,0.9064355228359438,0.4776480096439582,2.0,25.0,2841.3,,0.399*sqrtabs(x_1 * x_2 * x_3) + 1.341*cos(x_0**-1 * x_1 * x_2 * x_3**-1) + -0.477
1028_SWD,ITEARegressor,ok,10.0,0.3429308949155192,0.5969876737402728,2.0,51.0,2895.4,,-0.354*log(x_2**-1 * x_4**-1 * x_5**-1 * x_6**-1 * x_7**-1 * x_8**-1 * x_9**-1) + 0.572*sin(x_0**-1 * x_1 * x_2 * x_3**-1 * x_7**-1) + 1.936
1191_BNG_pbc,ITEARegressor,ok,18.0,-0.0333724526403191,1065.4337212811963,2.0,63.0,2974.0,,1603.024*tanh(x_4 * x_5 * x_8**-1 * x_9 * x_10 * x_13**-1 * x_14 * x_15**-1 * x_16**-1 * x_17) + 948.625*tanh(x_0 * x_2**-1 * x_9**-1 * x_10 * x_11 * x_12**-1 * x_13 * x_14 * x_15 * x_16**-1) + 1232.225
1193_BNG_lowbwt,ITEARegressor,ok,9.0,0.5942997300650685,503.06883733819376,2.0,29.0,2160.4,,-2574.157*sqrtabs(x_0 * x_1 * x_2**-1) + 306.902*cos(x_1**-1 * x_2 * x_3 * x_4 * x_5 * x_8) + 2964.232
1196_BNG_pharynx,ITEARegressor,ok,10.0,0.2925453618578483,285.03191951076093,2.0,31.0,1890.1,,-684.217*tanh(x_0**-1 * x_4**-1 * x_9**-1) + -30.527*sqrtabs(x_0 * x_2 * x_4 * x_6 * x_7 * x_9) + 1123.622
1203_BNG_pwLinear,ITEARegressor,ok,10.0,0.1916093863418555,3.82560046152508,2.0,15.0,1651.7,,-2.388*exp(x_0) + -2.155*sin(x_0**-1 * x_2) + 3.271
1201_BNG_breastTumor,ITEARegressor,ok,9.0,0.058131397328333,11.8058748167512,2.0,21.0,1810.4,,9.412*sin(x_0 * x_2 * x_3 * x_8) + 6.262*sin(x_2 * x_4 * x_8) + 23.96
1199_BNG_echoMonths,ITEARegressor,ok,9.0,0.2751134475276486,12.048895372040688,2.0,33.0,2031.9,,-0.275*sqrtabs(x_0 * x_1 * x_4 * x_5) + -335.515*sqrtabs(x_4**-1 * x_5**-1 * x_6**-1 * x_7**-1 * x_8) + 31.321
1595_poker,ITEARegressor,ok,10.0,-0.0907391346323371,1.358342490001716,2.0,41.0,1841.0,,-16.929*cos(x_0**-1 * x_2**-1 * x_4**-1 * x_6**-1 * x_8**-1) + 0.0*id(x_0 * x_2 * x_3 * x_4 * x_6 * x_7 * x_8) + 17.456
192_vineyard,ITEARegressor,ok,2.0,0.7198945560136962,2.113473502511232,2.0,17.0,1710.6,,-46.833*tanh(x_1**-1) + 13.92*tanh(x_0 * x_1**-1) + 19.425
197_cpu_act,ITEARegressor,ok,21.0,0.7572211521723176,9.240811877017666,2.0,63.0,1960.5,,-80.03*tanh(x_0 * x_2 * x_3**-1 * x_4 * x_5 * x_6 * x_14 * x_15 * x_16**-1 * x_19**-1 * x_20**-1) + 11.192*tanh(x_2**-1 * x_4**-1 * x_5**-1 * x_16**-1 * x_17**-1 * x_18 * x_19 * x_20) + 81.502
210_cloud,ITEARegressor,ok,5.0,0.941639618542557,0.2768653348076993,2.0,19.0,1495.3,,0.006*exp(x_2 * x_3 * x_4**-1) + 0.926*sqrtabs(x_2 * x_3) + -0.006
215_2dplanes,ITEARegressor,ok,10.0,0.3729650389171938,2.8477282940849338,2.0,11.0,1458.6,,4.793*tanh(x_0) + 1.762*id(x_4) + -0.012
218_house_8L,ITEARegressor,ok,8.0,0.4679632039016874,32470.89688545165,2.0,31.0,1670.7,,236116.512*sqrtabs(x_1 * x_2 * x_3**-1 * x_6) + 193749.881*cos(x_1 * x_2**-1 * x_3**-1 * x_6 * x_7) + -169556.016
201_pol,ITEARegressor,timeout,,,,,,,wall clock > 3900s,
225_puma8NH,ITEARegressor,ok,8.0,0.1915936519768861,4.933373756197026,2.0,15.0,2016.8,,-6.65*sqrtabs(x_1 * x_3 * x_6) + 4.043*tanh(x_1) + 4.315
227_cpu_small,ITEARegressor,ok,12.0,0.8077170845959919,8.223847629610594,2.0,47.0,1842.5,,-5.737*sqrtabs(x_0 * x_2 * x_4 * x_5 * x_7 * x_8**-1 * x_9**-1 * x_10**-1 * x_11**-1) + 2.233*log(x_2**-1 * x_5**-1 * x_9**-1 * x_11) + 75.087
228_elusage,ITEARegressor,ok,2.0,0.5296386561719217,11.096405501605895,2.0,13.0,1498.1,,73.791*log(x_0**-1) + 5.704*cos(x_1) + 335.211
229_pwLinear,ITEARegressor,ok,10.0,0.4945982362874248,2.5311355719505846,2.0,13.0,1787.5,,-4.013*tanh(x_0**-1) + 2.496*tanh(x_4) + -0.25
230_machine_cpu,ITEARegressor,ok,6.0,0.9387642910402368,44.60916215807448,2.0,25.0,1830.6,,0.003*sqrtabs(x_1 * x_2 * x_5) + 14781.157*tanh(x_0**-1 * x_2**-1 * x_3 * x_4) + 11.139
294_satellite_image,ITEARegressor,ok,36.0,0.2403469973365014,0.6948636186280871,2.0,151.0,1910.4,,2265416.522*id(x_0 * x_2**-1 * x_4 * x_6 * x_7**-1 * x_8 * x_10**-1 * x_11**-1 * x_12**-1 * x_13**-1 * x_14 * x_18**-1 * x_19**-1 * x_21 * x_22**-1 * x_23**-1 * x_24 * x_25 * x_26**-1 * x_27 * x_28 * x_34**-1 * x_35**-1) + -1.061*id(x_0 * x_1 * x_3**-1 * x_4 * x_6**-1 * x_7**-1 * x_8 * x_11**-1 * x_13 * x_15**-1 * x_17 * x_18**-1 * x_19**-1 * x_20 * x_21 * x_23**-1 * x_24 * x_25 * x_26**-1 * x_29 * x_31**-1 * x_33 * x_34**-1 * x_35**-1) + 2.885
485_analcatdata_vehicle,ITEARegressor,ok,4.0,0.5444792748381528,200.14360965507453,2.0,11.0,1469.6,,-531.363*tanh(x_0) + -217.588*tanh(x_2) + 625.119
344_mv,ITEARegressor,ok,10.0,0.8662014144566553,3.3312325969872334,2.0,25.0,2346.1,,-63.351*sqrtabs(x_3 * x_5 * x_9**-1) + 56.851*sqrtabs(x_3 * x_5 * x_7 * x_9**-1) + 2.179
503_wind,ITEARegressor,ok,14.0,0.5849817099804818,2.9420161285599176,2.0,55.0,2236.8,,2.595*sqrtabs(x_0**-1 * x_1 * x_6**-1 * x_7**-1 * x_9 * x_11 * x_12 * x_13) + 0.805*sqrtabs(x_1**-1 * x_4**-1 * x_5 * x_6 * x_7 * x_9**-1 * x_10**-1 * x_12 * x_13) + 0.208
4544_GeographicalOriginalofMusic,ITEARegressor,timeout,,,,,,,wall clock > 3900s,
519_vinnie,ITEARegressor,error,,,,,,,ValueError: Integers to negative integer powers are not allowed.,
522_pm10,ITEARegressor,ok,7.0,0.0456046008398807,0.8506114420308161,2.0,33.0,2628.0,,0.093*sqrtabs(x_0 * x_2**-1 * x_3 * x_5) + -0.459*tanh(x_0**-1 * x_2 * x_3 * x_4 * x_5 * x_6**-1) + 2.934
523_analcatdata_neavote,ITEARegressor,ok,2.0,0.9374801233623032,0.941106572286193,2.0,19.0,2240.8,,-22.451*tanh(x_0**-1 * x_1**-1) + -29.022*tanh(x_0 * x_1) + 32.262
529_pollen,ITEARegressor,ok,4.0,0.7206490391419396,1.9762979620990455,2.0,11.0,1581.0,,-0.965*id(x_0) + -0.467*id(x_3) + 0.055
527_analcatdata_election2000,ITEARegressor,ok,14.0,0.9568536037763916,23024.494308359142,2.0,33.0,1789.0,,2.343*sqrtabs(x_2 * x_9 * x_10 * x_12**-1) + -45.078*sqrtabs(x_0 * x_2 * x_4 * x_9**-1 * x_11 * x_12**-1) + -134.354
556_analcatdata_apnea2,ITEARegressor,ok,3.0,0.1136320276926563,3114.9056327108083,2.0,13.0,1869.7,,13343.842*tanh(x_0**-1) + -5652.856*cos(x_0) + -7211.46
542_pollution,ITEARegressor,ok,15.0,0.4784948471107908,57.06947945393292,2.0,81.0,1939.2,,60.498*log(x_0 * x_1**-1 * x_2**-1 * x_3**-1 * x_4**-1 * x_5 * x_6 * x_7 * x_8 * x_9**-1 * x_10 * x_11**-1 * x_12 * x_13) + -40.856*log(x_0**-1 * x_2 * x_3 * x_4 * x_5**-1 * x_6 * x_7 * x_8 * x_9**-1 * x_11**-1 * x_12 * x_13 * x_14) + 1058.282
537_houses,ITEARegressor,ok,8.0,0.817010647406636,41109.84410229921,2.0,31.0,2058.7,,-282483.964*sin(x_0 * x_4**-1 * x_5 * x_6 * x_7**-1) + -111892.656*sin(x_0**-1 * x_3**-1 * x_4) + 163255.695
547_no2,ITEARegressor,ok,7.0,0.6176712641630119,0.3909743415938996,2.0,15.0,2071.0,,-1.628*tanh(x_0**-1 * x_2) + 1.816*log(x_0) + 0.779
557_analcatdata_apnea1,ITEARegressor,ok,3.0,0.1048956477280768,3023.257203693493,2.0,13.0,1965.3,,-5466.692*cos(x_0) + 12858.599*tanh(x_0**-1) + -6934.263
505_tecator,ITEARegressor,timeout,,,,,,,wall clock > 3900s,
561_cpu,ITEARegressor,ok,7.0,0.9525128841765076,39.41405812621009,2.0,21.0,2228.4,,0.111*sqrtabs(x_1**-1 * x_3 * x_4 * x_6) + 0.01*sqrtabs(x_2 * x_3) + 1.796
560_bodyfat,ITEARegressor,ok,14.0,0.8808643109099227,2.517644776162564,2.0,43.0,2435.2,,-1154.633*tanh(x_0) + -16198126.96*tanh(x_0**-1 * x_2 * x_4**-1 * x_5 * x_6 * x_8**-1 * x_9**-1 * x_10**-1 * x_11**-1 * x_12 * x_13) + 16199051.046
562_cpu_small,ITEARegressor,ok,12.0,0.8077170845959919,8.223847629610594,2.0,47.0,2444.1,,-5.737*sqrtabs(x_0 * x_2 * x_4 * x_5 * x_7 * x_8**-1 * x_9**-1 * x_10**-1 * x_11**-1) + 2.233*log(x_2**-1 * x_5**-1 * x_9**-1 * x_11) + 75.087
564_fried,ITEARegressor,ok,10.0,0.3739233659374148,3.636738566702285,2.0,31.0,2493.1,,2.237*log(x_0 * x_1 * x_3 * x_4) + 0.38*sqrtabs(x_1 * x_2**-1 * x_3 * x_4**-1 * x_6**-1) + 22.081
574_house_16H,ITEARegressor,error,,,,,,,ValueError: Input contains NaN.,
573_cpu_act,ITEARegressor,ok,21.0,0.7572211521723176,9.240811877017666,2.0,63.0,2472.3,,-80.03*tanh(x_0 * x_2 * x_3**-1 * x_4 * x_5 * x_6 * x_14 * x_15 * x_16**-1 * x_19**-1 * x_20**-1) + 11.192*tanh(x_2**-1 * x_4**-1 * x_5**-1 * x_16**-1 * x_17**-1 * x_18 * x_19 * x_20) + 81.502
579_fri_c0_250_5,ITEARegressor,ok,5.0,0.2400957072811753,0.7528027796409584,2.0,11.0,1948.4,,0.561*id(x_3) + 0.308*exp(x_4) + -0.437
581_fri_c3_500_25,ITEARegressor,timeout,,,,,,,wall clock > 3900s,
582_fri_c1_500_25,ITEARegressor,timeout,,,,,,,wall clock > 3900s,
583_fri_c1_1000_50,ITEARegressor,timeout,,,,,,,wall clock > 3900s,
584_fri_c4_500_25,ITEARegressor,timeout,,,,,,,wall clock > 3900s,
586_fri_c3_1000_25,ITEARegressor,timeout,,,,,,,wall clock > 3900s,
588_fri_c4_1000_100,ITEARegressor,timeout,,,,,,,wall clock > 3900s,
591_fri_c1_100_10,ITEARegressor,ok,10.0,0.0899534047540304,0.8916216141374464,2.0,21.0,2083.5,,-0.808*tanh(x_1**-1) + 1.016*tanh(x_0 * x_3 * x_4 * x_5 * x_8) + 0.197
589_fri_c2_1000_25,ITEARegressor,timeout,,,,,,,wall clock > 3900s,
594_fri_c2_100_5,ITEARegressor,ok,5.0,0.1266273019011633,1.0414665901935825,2.0,23.0,1979.6,,-0.588*tanh(x_0**-1) + 0.578*cos(x_0 * x_1 * x_2**-1 * x_3**-1) + -0.244
593_fri_c1_1000_10,ITEARegressor,ok,10.0,-0.4129909710263439,1.069354374369773,2.0,29.0,2412.9,,0.132*sqrtabs(x_0**-1 * x_1**-1 * x_2 * x_3 * x_4 * x_8**-1) + -0.698*sin(x_1**-1) + -0.236
590_fri_c0_1000_50,ITEARegressor,timeout,,,,,,,wall clock > 3900s,
595_fri_c0_1000_10,ITEARegressor,ok,10.0,0.3493378507659167,0.8479073187828594,2.0,17.0,2301.3,,0.639*cos(x_0 * x_1 * x_2**-1) + 0.546*id(x_3) + -0.327
592_fri_c4_1000_25,ITEARegressor,ok,25.0,-1.7277145322734269,1.4048576397771049,2.0,73.0,3440.5,,0.023*sqrtabs(x_1**-1 * x_4 * x_5**-1 * x_6 * x_7**-1 * x_8 * x_10 * x_13**-1 * x_14**-1 * x_18**-1 * x_21**-1 * x_22 * x_23**-1 * x_24**-1) + 0.321*sqrtabs(x_2 * x_4 * x_14 * x_16 * x_18 * x_19**-1 * x_20 * x_22**-1) + -0.67
596_fri_c2_250_5,ITEARegressor,ok,5.0,-32.09686871564786,6.053272342905319,2.0,17.0,2018.0,,-0.879*tanh(x_1**-1) + 0.038*exp(x_0 * x_1 * x_2) + -0.024
597_fri_c2_500_5,ITEARegressor,ok,5.0,0.3787193083969594,0.8004983957859408,2.0,13.0,1980.4,,-0.986*tanh(x_0**-1) + 0.223*exp(x_0) + -0.397
599_fri_c2_1000_5,ITEARegressor,ok,5.0,0.512388717805426,0.739296811739991,2.0,19.0,1888.0,,-0.448*tanh(x_0**-1 * x_1**-1) + -0.657*tanh(x_1**-1) + 0.273
601_fri_c1_250_5,ITEARegressor,ok,5.0,0.3238693128010629,0.8425563987288024,2.0,15.0,1883.5,,-0.716*tanh(x_1**-1) + 0.492*sin(x_3**-1) + -0.134
602_fri_c3_250_10,ITEARegressor,ok,10.0,0.2885491639753119,0.9619753278896488,2.0,17.0,2216.7,,-0.791*tanh(x_0**-1) + 0.762*tanh(x_0 * x_1 * x_4) + 0.011
598_fri_c0_1000_25,ITEARegressor,ok,25.0,-0.4706131717074804,1.347480920601288,2.0,113.0,3279.6,,0.696*tanh(x_0 * x_1 * x_3 * x_4 * x_5 * x_6**-1 * x_7**-1 * x_8 * x_11 * x_12**-1 * x_13 * x_14**-1 * x_15 * x_16**-1 * x_17**-1 * x_18 * x_19**-1 * x_20 * x_21**-1 * x_22 * x_23**-1 * x_24**-1) + 0.554*tanh(x_0 * x_1**-1 * x_2**-1 * x_4 * x_6 * x_7**-1 * x_9 * x_10**-1 * x_12 * x_16**-1 * x_17 * x_18**-1 * x_21 * x_23 * x_24) + 0.09
604_fri_c4_500_10,ITEARegressor,ok,10.0,0.042003515669347,1.0304328283757,2.0,41.0,2611.9,,0.635*tanh(x_3**-1 * x_5**-1 * x_6) + 0.614*tanh(x_1**-1 * x_2 * x_3**-1 * x_4 * x_5**-1 * x_6 * x_7**-1 * x_9) + -0.035
603_fri_c0_250_50,ITEARegressor,timeout,,,,,,,wall clock > 3900s,
606_fri_c2_1000_10,ITEARegressor,ok,10.0,-0.989471370713466,1.5327301469061274,2.0,39.0,2829.2,,0.7*cos(x_0 * x_1 * x_2**-1 * x_3 * x_5 * x_6**-1 * x_7) + -0.022*id(x_1 * x_2**-1 * x_5 * x_6**-1 * x_8) + -0.423
608_fri_c3_1000_10,ITEARegressor,ok,10.0,0.1993049369145518,0.9607583372776076,2.0,25.0,2657.6,,0.527*id(x_0 * x_4) + 0.138*sqrtabs(x_0**-1 * x_2 * x_4**-1 * x_6 * x_9) + -0.485
605_fri_c2_250_25,ITEARegressor,ok,25.0,-0.117990184507539,1.031299590458094,2.0,87.0,3855.6,,0.456*tanh(x_1 * x_2**-1 * x_3**-1 * x_5**-1 * x_10 * x_11**-1 * x_14 * x_15 * x_17**-1 * x_19**-1 * x_21 * x_22 * x_23**-1 * x_24) + 0.358*tanh(x_2**-1 * x_3 * x_4 * x_5**-1 * x_7 * x_8 * x_9**-1 * x_10**-1 * x_12**-1 * x_16**-1 * x_21 * x_23**-1) + 0.066
609_fri_c0_1000_5,ITEARegressor,ok,5.0,0.4017095258010812,0.720990190686975,2.0,15.0,2286.1,,0.618*id(x_3) + -0.695*cos(x_0**-1 * x_2) + 0.184
611_fri_c3_100_5,ITEARegressor,ok,5.0,0.0766410239813112,0.773396788153258,2.0,17.0,2213.5,,0.983*sqrtabs(x_0 * x_2 * x_4) + -0.719*tanh(x_1**-1) + -0.735
607_fri_c4_1000_50,ITEARegressor,timeout,,,,,,,wall clock > 3900s,
612_fri_c1_1000_5,ITEARegressor,ok,5.0,0.4048552209922171,0.9322097075676752,2.0,13.0,2207.1,,-0.574*tanh(x_1**-1) + 0.334*id(x_3) + 0.051
613_fri_c3_250_5,ITEARegressor,ok,5.0,0.5399702233143713,0.8018257129770496,2.0,17.0,2205.9,,-0.793*tanh(x_0**-1) + 0.35*id(x_0 * x_1 * x_4) + -0.052
615_fri_c4_250_10,ITEARegressor,ok,10.0,-500.1675709110551,20.714282829907265,2.0,43.0,2546.8,,0.094*id(x_0 * x_1 * x_2 * x_3 * x_4) + -0.054*sqrtabs(x_0 * x_1 * x_2**-1 * x_4**-1 * x_5 * x_6**-1 * x_8**-1 * x_9**-1) + 0.078
617_fri_c3_500_5,ITEARegressor,ok,5.0,0.1439650563352701,0.7987034216099899,2.0,13.0,2116.0,,-0.65*tanh(x_1**-1) + 0.394*id(x_3) + -0.08
616_fri_c4_500_50,ITEARegressor,timeout,,,,,,,wall clock > 3900s,
621_fri_c0_100_10,ITEARegressor,ok,10.0,-0.534130716895983,1.2707966044988337,2.0,51.0,2212.4,,-0.679*cos(x_0**-1 * x_1**-1 * x_2 * x_3**-1 * x_4 * x_5 * x_6 * x_7**-1 * x_9**-1) + -0.506*cos(x_0**-1 * x_1**-1 * x_3 * x_5 * x_6**-1) + 0.416
618_fri_c3_1000_50,ITEARegressor,timeout,,,,,,,wall clock > 3900s,
624_fri_c0_100_5,ITEARegressor,ok,5.0,0.1985829867231534,0.7834100093070371,2.0,11.0,1707.4,,0.568*id(x_1) + 0.482*id(x_3) + 0.088
620_fri_c1_1000_25,ITEARegressor,ok,25.0,-0.3606265836068802,1.1124676870235664,2.0,109.0,3647.0,,-0.615*tanh(x_1**-1 * x_2 * x_6**-1 * x_9 * x_10**-1 * x_11 * x_12 * x_13**-1 * x_14 * x_16**-1 * x_17 * x_19**-1 * x_20 * x_23) + -0.446*cos(x_0**-1 * x_1**-1 * x_2 * x_3**-1 * x_4 * x_5**-1 * x_6**-1 * x_8**-1 * x_10**-1 * x_11 * x_12**-1 * x_13**-1 * x_15**-1 * x_17 * x_19**-1 * x_20 * x_21 * x_22**-1 * x_24) + 0.036
623_fri_c4_1000_10,ITEARegressor,ok,10.0,-0.0784285712111532,0.8814345665189526,2.0,33.0,2511.0,,0.399*id(x_1 * x_4) + 0.431*cos(x_0 * x_1 * x_2**-1 * x_4 * x_6**-1 * x_7**-1 * x_9**-1) + -0.368
622_fri_c2_1000_50,ITEARegressor,timeout,,,,,,,wall clock > 3900s,
628_fri_c3_1000_5,ITEARegressor,ok,5.0,0.174264704554556,0.8128936022568861,2.0,13.0,2290.8,,-0.644*tanh(x_0**-1) + 0.456*id(x_3) + -0.047
627_fri_c2_500_10,ITEARegressor,ok,10.0,0.1323934498747123,0.8986039191634212,2.0,31.0,2733.0,,-0.502*tanh(x_0 * x_1 * x_2**-1 * x_3 * x_4 * x_6**-1 * x_8 * x_9**-1) + -0.361*id(x_0) + -0.02
631_fri_c1_500_5,ITEARegressor,ok,5.0,0.2900841959055018,0.790847723407281,2.0,19.0,2358.9,,-0.767*tanh(x_1**-1) + 0.701*tanh(x_0 * x_1**-1 * x_3) + -0.002
626_fri_c2_500_50,ITEARegressor,timeout,,,,,,,wall clock > 3900s,
634_fri_c2_100_10,ITEARegressor,ok,10.0,0.0055065971683838,1.0644582099801103,2.0,33.0,2292.3,,-0.62*sin(x_1 * x_2**-1 * x_3 * x_5**-1 * x_6 * x_7 * x_8 * x_9**-1) + -0.833*sin(x_1**-1) + 0.029
635_fri_c0_250_10,ITEARegressor,ok,10.0,-3.1529320004115364,2.042246618615021,2.0,31.0,2750.7,,0.776*sin(x_3) + 0.057*sqrtabs(x_0**-1 * x_1**-1 * x_2 * x_4**-1 * x_7**-1 * x_8 * x_9) + -0.184
633_fri_c0_500_25,ITEARegressor,ok,25.0,-0.5424041860998832,1.2450516227850144,2.0,95.0,3818.6,,0.667*cos(x_0 * x_1 * x_2**-1 * x_3 * x_5 * x_6 * x_7**-1 * x_9 * x_10 * x_12 * x_13**-1 * x_14 * x_15**-1 * x_16**-1 * x_17**-1 * x_18**-1 * x_20) + -0.787*cos(x_0**-1 * x_1**-1 * x_2 * x_3 * x_4**-1 * x_5 * x_6 * x_7**-1 * x_8 * x_9 * x_10 * x_12 * x_13 * x_16**-1 * x_23) + 0.239
641_fri_c1_500_10,ITEARegressor,ok,10.0,0.0044400045013865,0.8673324345327617,2.0,27.0,2634.8,,-0.605*tanh(x_0**-1) + 0.493*cos(x_1 * x_3**-1 * x_5 * x_6 * x_8 * x_9**-1) + -0.303
637_fri_c1_500_50,ITEARegressor,timeout,,,,,,,wall clock > 3900s,
643_fri_c2_500_25,ITEARegressor,ok,25.0,-17.255287249279423,3.992825517807862,2.0,113.0,3835.2,,-0.114*sqrtabs(x_2**-1 * x_3 * x_4**-1 * x_5**-1 * x_7**-1 * x_10 * x_12 * x_14 * x_15 * x_16 * x_17**-1 * x_19 * x_21**-1 * x_22**-1 * x_24) + -0.52*tanh(x_0**-1 * x_2**-1 * x_3 * x_4**-1 * x_5**-1 * x_6 * x_7 * x_8**-1 * x_9**-1 * x_10**-1 * x_11**-1 * x_12 * x_15 * x_16**-1 * x_17 * x_18**-1 * x_19 * x_20 * x_22 * x_23**-1) + 0.287
646_fri_c3_500_10,ITEARegressor,ok,10.0,-0.1284568803798484,0.9238346486509617,2.0,45.0,2814.9,,0.092*id(x_0 * x_1 * x_2 * x_3 * x_4) + -0.334*tanh(x_0**-1 * x_1 * x_2**-1 * x_4**-1 * x_5**-1 * x_6**-1 * x_7**-1 * x_8) + -0.067
644_fri_c4_250_25,ITEARegressor,timeout,,,,,,,wall clock > 3900s,
647_fri_c1_250_10,ITEARegressor,ok,10.0,0.3848618801781779,0.7827816478358914,2.0,23.0,2701.0,,-0.634*tanh(x_1**-1) + -0.106*sqrtabs(x_1 * x_2**-1 * x_3 * x_5**-1) + 0.179
645_fri_c3_500_50,ITEARegressor,timeout,,,,,,,wall clock > 3900s,
649_fri_c0_500_5,ITEARegressor,ok,5.0,0.5305469384352536,0.592694297033377,2.0,11.0,2276.7,,0.59*id(x_3) + 0.558*sin(x_0) + -0.021
648_fri_c1_250_50,ITEARegressor,timeout,,,,,,,wall clock > 3900s,
656_fri_c1_100_5,ITEARegressor,ok,5.0,0.6900146541940669,0.5196874354684377,2.0,13.0,2118.5,,-1.611*sin(x_0 * x_1) + -0.231*exp(x_0) + 0.998
651_fri_c0_100_25,ITEARegressor,ok,25.0,-1.062007650862696,1.5087849839734555,2.0,117.0,3102.8,,-0.822*cos(x_0**-1 * x_1**-1 * x_3 * x_5**-1 * x_6**-1 * x_7 * x_8**-1 * x_9 * x_10 * x_11 * x_16 * x_17 * x_18 * x_19 * x_21 * x_22**-1 * x_23**-1 * x_24) + -0.753*tanh(x_0 * x_1 * x_4 * x_6**-1 * x_7**-1 * x_8 * x_9**-1 * x_10 * x_11**-1 * x_12 * x_13 * x_14 * x_15**-1 * x_16**-1 * x_17**-1 * x_18 * x_19 * x_21**-1 * x_22**-1 * x_24**-1) + 0.548
654_fri_c0_500_10,ITEARegressor,ok,10.0,-0.0897570055682159,1.0909003151105623,2.0,51.0,2785.9,,0.504*tanh(x_2**-1 * x_3 * x_4 * x_5**-1 * x_6**-1 * x_7 * x_8 * x_9**-1) + -0.569*cos(x_0**-1 * x_1**-1 * x_2 * x_4 * x_6 * x_7 * x_9**-1) + 0.292
650_fri_c0_500_50,ITEARegressor,timeout,,,,,,,wall clock > 3900s,
657_fri_c2_250_10,ITEARegressor,ok,10.0,0.2018084549642852,0.8474886206755979,2.0,29.0,2618.9,,-0.695*sin(x_1**-1) + 0.454*cos(x_1 * x_2**-1 * x_3 * x_4 * x_6 * x_8**-1 * x_9) + -0.192
653_fri_c0_250_25,ITEARegressor,ok,25.0,-0.2239265341306686,1.071023394286534,2.0,107.0,3901.7,,0.488*cos(x_0 * x_1 * x_2**-1 * x_3 * x_4 * x_5**-1 * x_7 * x_8**-1 * x_9 * x_10 * x_11**-1 * x_12 * x_14**-1 * x_16**-1 * x_17**-1 * x_18 * x_20 * x_21 * x_22**-1 * x_23 * x_24) + -0.754*cos(x_0**-1 * x_1**-1 * x_2 * x_3 * x_4**-1 * x_6 * x_8 * x_9 * x_10 * x_11 * x_12 * x_13**-1 * x_15 * x_19 * x_20 * x_21**-1) + 0.275
659_sleuth_ex1714,ITEARegressor,ok,7.0,-4.479011878098521,5318.999740673323,2.0,33.0,2043.9,,-3693.752*tanh(x_0**-1 * x_4 * x_5**-1) + 37287.729*tanh(x_0**-1 * x_1**-1 * x_2 * x_3**-1 * x_5) + 10966.329
663_rabe_266,ITEARegressor,ok,2.0,0.974522866668846,7.864168531696882,2.0,13.0,1779.0,,1.444*id(x_0) + 24.329*log(x_1**-1) + 36.476
665_sleuth_case2002,ITEARegressor,ok,6.0,0.1355925759089988,8.848402305195647,2.0,19.0,1978.9,,23.301*sqrtabs(x_4**-1 * x_5) + -7.837*cos(x_1 * x_3 * x_5) + 8.45
666_rmftsa_ladata,ITEARegressor,ok,10.0,0.6178115891013842,2.4442538940240395,2.0,25.0,1920.6,,0.001*id(x_0 * x_1) + -0.094*id(x_1 * x_2**-1 * x_5 * x_6**-1 * x_7) + -6.285
678_visualizing_environmental,ITEARegressor,ok,3.0,0.3386198067664915,2.49733462486,2.0,11.0,1891.1,,1.307*cos(x_0) + -0.059*id(x_0) + 12.837
658_fri_c3_250_25,ITEARegressor,ok,25.0,-0.2778395904626658,1.027026506151163,2.0,91.0,3658.1,,0.684*tanh(x_1 * x_2 * x_3**-1 * x_4 * x_6 * x_8 * x_9 * x_11 * x_12 * x_13 * x_16**-1 * x_18**-1 * x_23**-1 * x_24**-1) + -0.473*tanh(x_0 * x_1**-1 * x_2**-1 * x_4**-1 * x_5 * x_11**-1 * x_14 * x_15 * x_17**-1 * x_18**-1 * x_19**-1 * x_20 * x_21 * x_22**-1 * x_24) + 0.012
687_sleuth_ex1605,ITEARegressor,ok,5.0,0.7850587289638765,8.790223460192946,2.0,17.0,2069.6,,17.772*sqrtabs(x_4) + -6.507*cos(x_1**-1 * x_2 * x_3) + -84.111
690_visualizing_galaxy,ITEARegressor,ok,4.0,0.9173638678421264,26.00470195754496,2.0,11.0,1968.1,,38.984*tanh(x_0) + -3.187*id(x_1) + 1599.331
695_chatfield_4,ITEARegressor,ok,12.0,0.7200800526825284,18.870715955148956,2.0,25.0,1914.8,,3.803*sqrtabs(x_0**-1 * x_6 * x_10 * x_11) + 14.809*sin(x_0**-1 * x_7 * x_11) + 8.694
auto_insurance_losses,ITEARegressor,error,,,,,,,ValueError: Input X contains NaN.,
706_sleuth_case1202,ITEARegressor,ok,6.0,0.6906453882923129,56.53332181548043,2.0,17.0,1865.2,,31.865*sqrtabs(x_4) + 39504.14*cos(x_1**-1 * x_2 * x_4) + -40053.855
auto_insurance_price,ITEARegressor,error,,,,,,,ValueError: Input X contains NaN.,
712_chscase_geyser1,ITEARegressor,ok,2.0,0.7871417018201456,5.747372207197111,2.0,11.0,1855.0,,37.266*sqrtabs(x_1) + -0.164*id(x_0) + 3.402
_deprecated_195_auto_price,ITEARegressor,ok,15.0,0.7986991976688415,2296.0003247580635,2.0,77.0,1927.2,,5.899*sqrtabs(x_1 * x_2 * x_4 * x_5**-1 * x_6 * x_7 * x_8 * x_9**-1 * x_10 * x_11 * x_12**-1 * x_13**-1 * x_14**-1) + 0.002*id(x_1**-1 * x_2 * x_3 * x_4 * x_5**-1 * x_6 * x_7**-1 * x_8 * x_10 * x_12 * x_13**-1 * x_14**-1) + 2910.18
_deprecated_207_autoPrice,ITEARegressor,ok,15.0,0.803086010290957,2270.844927914031,2.0,59.0,1964.4,,0.002*sqrtabs(x_2 * x_3 * x_4 * x_5 * x_6 * x_8 * x_10 * x_11 * x_14**-1) + -28739053985.991*cos(x_1 * x_2**-1 * x_3 * x_4 * x_5**-1 * x_7 * x_10**-1 * x_11**-1 * x_12**-1 * x_13**-1) + 28739054536.488
feynman_III_10_19,ITEARegressor,ok,4.0,0.9551230340113378,1.4559880404017256,2.0,21.0,1822.4,,1.198*id(x_0 * x_2) + 3.282*sqrtabs(x_0 * x_1 * x_2**-1 * x_3) + -4.384
feynman_III_12_43,ITEARegressor,ok,2.0,1.0,4.259011456690008e-16,1.0,8.0,1558.0,,0.159*id(x_0 * x_1) + 0.0
feynman_III_13_18,ITEARegressor,ok,4.0,0.9807659186900612,88.35136607984008,2.0,25.0,1681.8,,78.457*id(x_0 * x_1 * x_2 * x_3**-1) + -109.159*id(x_0 * x_2 * x_3**-1) + 10.327
feynman_III_14_14,ITEARegressor,ok,5.0,0.9281489702867144,2.2463009522237343,2.0,33.0,1931.1,,2.103*id(x_0 * x_1 * x_2 * x_3**-1 * x_4**-1) + 1.677*exp(x_1 * x_2 * x_3**-1 * x_4**-1) + -5.382
feynman_III_15_12,ITEARegressor,ok,3.0,0.8970299984981698,1.4258929086625822,2.0,13.0,2072.7,,-5.926*cos(x_1 * x_2) + 2.084*id(x_0) + -0.342
feynman_III_15_14,ITEARegressor,ok,3.0,0.8041227907090411,0.0070111861430176,2.0,23.0,2038.5,,0.001*exp(x_0 * x_2**-1) + 0.003*exp(x_0 * x_1**-1 * x_2**-1) + -0.001
feynman_III_15_27,ITEARegressor,ok,3.0,1.0,1.0916377626985475e-15,1.0,14.0,1673.4,,6.283*id(x_0 * x_1**-1 * x_2**-1) + 0.0
feynman_III_17_37,ITEARegressor,ok,3.0,0.7168002059824338,3.6517207602605417,2.0,11.0,2118.5,,2.015*sin(x_1) + 8.411*cos(x_2) + 2.871
feynman_III_19_51,ITEARegressor,ok,5.0,0.8821794499930625,1.037624363742788,2.0,29.0,2059.9,,-0.009*exp(x_0 * x_1 * x_3**-1 * x_4**-1) + -0.227*exp(x_1 * x_2**-1 * x_3**-1) + 0.269
feynman_III_21_20,ITEARegressor,ok,4.0,1.0,3.881273639068334e-15,1.0,14.0,1724.7,,-1.0*id(x_0 * x_1 * x_2 * x_3**-1) + 0.0
feynman_III_4_32,ITEARegressor,ok,4.0,0.9999999975933728,0.0003431896448325,2.0,31.0,1785.7,,6.283*id(x_0**-1 * x_1**-1 * x_2 * x_3) + 0.013*id(x_0 * x_1 * x_2**-1 * x_3**-1) + -0.499
feynman_III_4_33,ITEARegressor,ok,4.0,0.9999825859049916,0.0190403303837908,2.0,15.0,1855.9,,0.996*id(x_2 * x_3) + -0.073*id(x_0 * x_1) + 0.011
feynman_III_7_38,ITEARegressor,ok,3.0,1.0,1.4771023971479682e-14,1.0,12.0,1714.4,,12.566*id(x_0 * x_1 * x_2**-1) + 0.0
feynman_III_8_54,ITEARegressor,ok,3.0,-0.141053675177381,0.3508572646427224,2.0,17.0,2115.2,,2.717*sin(x_1) + -0.1*sin(x_0 * x_1**-1 * x_2) + -2.079
feynman_III_9_52,ITEARegressor,ok,6.0,0.4448534647977757,11.937067316965694,2.0,29.0,1963.2,,3.615*id(x_0 * x_1 * x_2 * x_3**-1) + 13.249*sin(x_2 * x_3**-1 * x_4**-1 * x_5) + -8.844
feynman_II_10_9,ITEARegressor,ok,3.0,0.9912915183193112,0.0188455193986644,2.0,23.0,1691.9,,0.469*id(x_0 * x_1**-1 * x_2**-1) + 0.088*id(x_0 * x_1**-1) + -0.001
feynman_II_11_20,ITEARegressor,ok,5.0,0.9895435637833948,0.724492890505183,2.0,33.0,1726.6,,-2.562*id(x_0 * x_2 * x_3**-1 * x_4**-1) + 2.017*id(x_0 * x_1 * x_2 * x_3**-1 * x_4**-1) + -0.038
feynman_II_11_27,ITEARegressor,ok,4.0,0.998357544953592,0.0161971075482663,2.0,23.0,1876.7,,1.148*id(x_0 * x_1 * x_2 * x_3) + -2.544*tanh(x_0**-1 * x_1**-1) + 2.519
feynman_II_11_28,ITEARegressor,ok,2.0,0.9999985190601504,0.0003557657869179,2.0,15.0,1768.2,,0.295*id(x_0 * x_1) + 0.697*exp(x_0 * x_1) + 0.303
feynman_II_11_3,ITEARegressor,ok,5.0,0.9663931679159417,0.0229663042282907,2.0,27.0,1687.6,,0.808*id(x_0 * x_1 * x_2**-1 * x_3**-1) + -0.127*id(x_0 * x_1 * x_2**-1) + 0.005
feynman_II_13_17,ITEARegressor,ok,4.0,0.9831509965956156,0.0036793867683523,2.0,31.0,1585.8,,-0.033*id(x_0**-1 * x_2 * x_3**-1) + 0.166*id(x_0**-1 * x_1**-1 * x_2 * x_3**-1) + -0.001
feynman_II_13_23,ITEARegressor,ok,3.0,0.9988354235645478,0.0358746230832497,2.0,17.0,1765.7,,0.95*id(x_0) + -0.527*cos(x_0 * x_1 * x_2**-1) + 0.632
feynman_II_13_34,ITEARegressor,ok,3.0,0.9985719560586722,0.0755836522568508,2.0,17.0,1754.4,,-6.013*cos(x_1 * x_2**-1) + 1.053*id(x_0 * x_1) + 5.758
feynman_II_15_4,ITEARegressor,ok,3.0,0.85064471626523,2.175781992852116,2.0,13.0,1861.8,,-9.088*cos(x_2) + 0.43*id(x_0 * x_1) + -3.968
feynman_II_21_32,ITEARegressor,ok,5.0,0.9986274261307894,0.0013541793326528,2.0,33.0,1606.8,,0.175*id(x_0 * x_1**-1 * x_2**-1 * x_3 * x_4**-1) + 0.065*id(x_0 * x_1**-1 * x_2**-1) + 0.0
feynman_II_15_5,ITEARegressor,ok,3.0,0.7976744211265343,2.532082090463649,2.0,13.0,1803.7,,-8.61*cos(x_2) + 0.417*id(x_0 * x_1) + -3.669
feynman_II_24_17,ITEARegressor,ok,3.0,0.999759485237396,0.0150358478717843,2.0,23.0,1741.2,,0.945*id(x_0 * x_1**-1) + -3.449*exp(x_0**-1 * x_1 * x_2**-1) + 3.829
feynman_II_27_16,ITEARegressor,ok,3.0,0.97841863084701,12.39301277162313,2.0,17.0,1555.9,,-7.613*id(x_0 * x_1) + 6.013*id(x_0 * x_1 * x_2) + -1.657
feynman_II_27_18,ITEARegressor,ok,2.0,0.9725776739852758,3.628640973223249,2.0,13.0,1690.4,,0.242*exp(x_1) + 3.638*id(x_0 * x_1) + -10.703
feynman_II_2_42,ITEARegressor,ok,5.0,1.0,6.328087722218893e-15,2.0,27.0,1660.3,,-1.0*id(x_0 * x_1 * x_3 * x_4**-1) + 1.0*id(x_0 * x_2 * x_3 * x_4**-1) + 0.0
feynman_II_34_11,ITEARegressor,ok,4.0,1.0,1.9303997852248053e-15,1.0,14.0,1579.5,,0.5*id(x_0 * x_1 * x_2 * x_3**-1) + 0.0
feynman_II_34_2,ITEARegressor,ok,3.0,1.0,4.7254305622252305e-15,1.0,10.0,1534.4,,0.5*id(x_0 * x_1 * x_2) + 0.0
feynman_II_34_29a,ITEARegressor,ok,3.0,1.0,1.0325671005860943e-16,1.0,12.0,1533.9,,0.08*id(x_0 * x_1 * x_2**-1) + 0.0
feynman_II_34_29b,ITEARegressor,ok,5.0,1.0,7.681588098208057e-14,1.0,16.0,1564.8,,6.283*id(x_0 * x_1**-1 * x_2 * x_3 * x_4) + -0.0
feynman_II_34_2a,ITEARegressor,ok,3.0,1.0,2.0279622292450375e-16,1.0,12.0,1563.8,,0.159*id(x_0 * x_1 * x_2**-1) + -0.0
feynman_II_35_21,ITEARegressor,ok,5.0,0.7704532152799592,2.457578412996324,2.0,21.0,1589.6,,1.047*id(x_0 * x_1) + -0.272*id(x_0 * x_2**-1 * x_3 * x_4) + 0.135
feynman_II_35_18,ITEARegressor,ok,5.0,0.9230671536082918,0.0920508066138757,2.0,37.0,1927.3,,0.526*log(x_0 * x_1 * x_2 * x_3**-1 * x_4**-1) + 0.261*cos(x_0**-1 * x_1 * x_2 * x_3**-1 * x_4**-1) + 0.061
feynman_II_36_38,ITEARegressor,ok,8.0,0.948042850296086,0.2510159851092303,2.0,41.0,1645.4,,0.941*id(x_0 * x_1 * x_2**-1 * x_3**-1) + 0.686*id(x_0 * x_2**-1 * x_3**-1 * x_4 * x_5**-1 * x_6**-1 * x_7) + -0.012
feynman_II_37_1,ITEARegressor,ok,3.0,1.0,1.2519850712664872e-14,2.0,17.0,1543.1,,1.0*id(x_0 * x_1 * x_2) + 1.0*id(x_0 * x_1) + 0.0
feynman_II_38_14,ITEARegressor,ok,2.0,0.991149019431422,0.0194028741935414,2.0,15.0,1816.7,,0.143*sqrtabs(x_0) + 0.227*id(x_0 * x_1**-1) + -0.107
feynman_II_38_3,ITEARegressor,ok,4.0,1.0,3.0003148175988584e-15,1.0,14.0,1537.1,,1.0*id(x_0 * x_1 * x_2**-1 * x_3) + -0.0
feynman_II_4_23,ITEARegressor,ok,3.0,1.0,3.4126027651144165e-17,1.0,14.0,1566.0,,0.08*id(x_0 * x_1**-1 * x_2**-1) + -0.0
feynman_II_3_24,ITEARegressor,ok,2.0,0.954620453934406,0.010549889062809,2.0,15.0,1833.2,,-0.057*sqrtabs(x_0) + 0.082*id(x_0 * x_1**-1) + 0.044
feynman_II_6_11,ITEARegressor,ok,4.0,0.9655320530010236,0.0036841055677354,2.0,33.0,1754.5,,-0.025*id(x_0**-1 * x_1 * x_2 * x_3**-1) + 0.029*exp(x_0**-1 * x_1 * x_2**-1 * x_3**-1) + -0.022
feynman_II_6_15a,ITEARegressor,ok,6.0,0.5162798014328063,0.2484094315977673,2.0,21.0,1966.3,,0.017*exp(x_0**-1 * x_1 * x_2**-1 * x_4) + -3.131*tanh(x_2) + 3.024
feynman_II_8_31,ITEARegressor,ok,2.0,0.9774358852105146,1.854669296541973,2.0,13.0,1738.0,,1.985*id(x_0 * x_1) + 0.1*exp(x_1) + -6.056
feynman_II_6_15b,ITEARegressor,ok,4.0,0.8728797901278429,0.0120805945510568,2.0,31.0,1935.5,,-0.338*cos(x_0**-1 * x_1 * x_2**-1 * x_3**-1) + -0.046*exp(x_0**-1 * x_1 * x_3**-1) + 0.394
feynman_II_8_7,ITEARegressor,ok,3.0,0.9784519808277836,0.0092919767922743,2.0,25.0,1787.7,,-0.423*tanh(x_1**-1 * x_2**-1) + 0.292*id(x_0 * x_1**-1 * x_2**-1) + 0.003
feynman_I_10_7,ITEARegressor,ok,3.0,0.9990330815361324,0.0344950791757545,2.0,17.0,1735.7,,0.983*id(x_0) + 0.083*exp(x_0 * x_1 * x_2**-1) + -0.028
feynman_I_11_19,ITEARegressor,ok,6.0,0.9650935707603224,1.8780403162029573,2.0,19.0,1947.9,,1.993*sqrtabs(x_1 * x_2 * x_4 * x_5) + 1.002*id(x_0 * x_3) + 1.271
feynman_I_12_1,ITEARegressor,ok,2.0,1.0,3.5035233244890698e-15,1.0,8.0,1544.5,,1.0*id(x_0 * x_1) + -0.0
feynman_I_12_11,ITEARegressor,ok,5.0,0.90106340149663,7.393344355145682,2.0,21.0,1634.8,,-0.644*id(x_0 * x_2 * x_3 * x_4) + 2.013*id(x_0 * x_2 * x_3) + 7.636
feynman_I_12_2,ITEARegressor,ok,4.0,0.9455600264868336,0.0220156016242954,2.0,27.0,1646.1,,0.09*id(x_0 * x_1 * x_2**-1 * x_3**-1) + -0.018*id(x_0 * x_1 * x_2**-1) + -0.007
feynman_I_12_5,ITEARegressor,ok,2.0,1.0,2.678561168423283e-15,1.0,8.0,1500.4,,1.0*id(x_0 * x_1) + 0.0
feynman_I_12_4,ITEARegressor,ok,3.0,0.9459880514355288,0.0046757372489494,2.0,19.0,1987.8,,-0.187*tanh(x_2) + -0.064*cos(x_0 * x_1**-1 * x_2**-1) + 0.253
feynman_I_13_12,ITEARegressor,ok,5.0,1.0,7.491009785281822e-15,2.0,27.0,1680.0,,-1.0*id(x_0 * x_1 * x_2**-1 * x_4) + 1.0*id(x_0 * x_1 * x_3**-1 * x_4) + 0.0
feynman_I_13_4,ITEARegressor,ok,4.0,0.9426840805055882,5.468609940335692,2.0,17.0,1668.9,,0.889*id(x_0 * x_1 * x_2) + 2.654*id(x_0 * x_3) + -2.107
feynman_I_14_3,ITEARegressor,ok,3.0,1.0,1.0610665784631182e-14,1.0,10.0,1604.6,,1.0*id(x_0 * x_1 * x_2) + -0.0
feynman_I_14_4,ITEARegressor,ok,2.0,0.982771631962132,2.0689144402812487,2.0,13.0,1773.6,,1.856*id(x_0 * x_1) + 0.106*exp(x_1) + -5.075
feynman_I_15_10,ITEARegressor,ok,3.0,0.9970879300701952,0.0916706996674322,2.0,17.0,1725.7,,-7.133*cos(x_1 * x_2**-1) + 1.055*id(x_0 * x_1) + 6.821
feynman_I_15_3t,ITEARegressor,ok,4.0,0.9981680638158482,0.0523729961400299,2.0,19.0,1608.1,,-0.468*id(x_0 * x_1**-1 * x_3**-1) + 1.001*id(x_3) + 0.063
feynman_I_15_3x,ITEARegressor,ok,4.0,0.9688712341337764,0.2871555367296109,2.0,13.0,1668.6,,-0.986*id(x_1 * x_3) + 1.022*id(x_0) + -0.071
feynman_I_16_6,ITEARegressor,ok,3.0,0.9613297230778962,0.2360368407965904,2.0,17.0,2048.0,,3.387*sqrtabs(x_0) + 2.149*tanh(x_0**-1 * x_1 * x_2) + -4.941
feynman_I_18_14,ITEARegressor,ok,4.0,0.9582540956450526,4.8008601627335015,2.0,21.0,1643.2,,-0.664*id(x_0 * x_1 * x_2 * x_3) + 1.986*id(x_0 * x_1 * x_2) + 1.619
feynman_I_18_12,ITEARegressor,ok,3.0,0.7864812833611419,3.16213068548096,2.0,15.0,1973.5,,8.392*sin(x_2) + -3.735*sin(x_0**-1 * x_2) + 2.119
feynman_I_24_6,ITEARegressor,ok,4.0,0.9641115335682734,2.871630893008734,2.0,21.0,1617.0,,2.132*id(x_0 * x_1 * x_2 * x_3) + -2.04*id(x_0 * x_1 * x_2) + 1.152
feynman_I_18_4,ITEARegressor,ok,4.0,0.9053448614062104,0.2904209732852621,2.0,23.0,2004.8,,0.973*sqrtabs(x_2 * x_3) + -0.33*sin(x_0**-1 * x_1 * x_2**-1 * x_3) + 0.344
feynman_I_25_13,ITEARegressor,ok,2.0,1.0,3.912650245287107e-16,1.0,10.0,1548.3,,1.0*id(x_0 * x_1**-1) + 0.0
feynman_I_26_2,ITEARegressor,ok,2.0,0.9622063121859256,0.0715208228833782,2.0,13.0,1580.8,,2.184*id(x_0) + -0.717*id(x_0 * x_1) + 0.008
feynman_I_29_16,ITEARegressor,ok,4.0,0.557092712898624,1.2926638227135758,2.0,23.0,1602.9,,0.543*id(x_0 * x_2**-1 * x_3) + 0.466*id(x_1 * x_2 * x_3**-1) + -0.132
feynman_I_27_6,ITEARegressor,ok,3.0,0.9982263029302408,0.0171913642620902,2.0,17.0,1879.9,,-0.093*id(x_0) + 0.598*sqrtabs(x_0 * x_1 * x_2**-1) + -0.012
feynman_I_29_4,ITEARegressor,ok,2.0,1.0,6.290297729157729e-16,1.0,10.0,1517.6,,1.0*id(x_0 * x_1**-1) + -0.0
feynman_I_30_3,ITEARegressor,ok,3.0,0.1770899337220258,1.7950822174506684,2.0,17.0,1913.6,,0.195*exp(x_0 * x_1**-1) + -2.452*cos(x_1 * x_2) + 1.418
feynman_I_30_5,ITEARegressor,ok,3.0,0.9999903401135328,0.000501756898679,2.0,27.0,1890.2,,0.994*cos(x_0 * x_1**-1 * x_2**-1) + 0.996*exp(x_0 * x_1**-1 * x_2**-1) + -1.989
feynman_I_32_17,ITEARegressor,ok,6.0,0.7774405936706461,2.028342548668397,2.0,27.0,1920.4,,-163.452*tanh(x_4**-1 * x_5) + 0.167*exp(x_0 * x_1 * x_2 * x_3 * x_4 * x_5**-1) + 161.919
feynman_I_32_5,ITEARegressor,ok,4.0,0.6667562035210062,0.5714660530856295,2.0,27.0,1612.6,,-0.116*id(x_0 * x_1 * x_2**-1) + 0.525*id(x_0 * x_1 * x_2**-1 * x_3**-1) + -0.102
feynman_I_34_1,ITEARegressor,ok,3.0,0.9972180122805132,0.0980649948215755,2.0,23.0,1556.9,,0.095*id(x_0 * x_1**-1 * x_2) + 3.638*id(x_0**-1 * x_1 * x_2) + 0.053
feynman_I_34_14,ITEARegressor,ok,3.0,0.9988199277250336,0.0447354374893394,2.0,17.0,1594.5,,0.909*id(x_2) + 1.596*id(x_0**-1 * x_1 * x_2) + -0.01
feynman_I_34_27,ITEARegressor,ok,2.0,1.0,3.8603206521856033e-16,1.0,8.0,1533.0,,0.159*id(x_0 * x_1) + 0.0
feynman_I_34_8,ITEARegressor,ok,4.0,1.0,5.535015747980264e-15,1.0,14.0,1590.9,,1.0*id(x_0 * x_1 * x_2 * x_3**-1) + 0.0
feynman_I_37_4,ITEARegressor,ok,3.0,0.9585989932469036,0.6388816353384653,2.0,17.0,1831.7,,0.3*id(x_0 * x_1 * x_2**-1) + 4.97*cos(x_2) + 4.522
feynman_I_38_12,ITEARegressor,ok,4.0,0.899633559033018,0.3892481809395359,2.0,25.0,1825.0,,0.206*id(x_1**-1 * x_2 * x_3) + 0.589*exp(x_0**-1 * x_1**-1 * x_2) + -1.074
feynman_I_39_1,ITEARegressor,ok,2.0,1.0,3.826905107972771e-15,1.0,8.0,1533.4,,1.5*id(x_0 * x_1) + 0.0
feynman_I_39_11,ITEARegressor,ok,3.0,0.9969380382671584,0.1808911848210304,2.0,19.0,1625.0,,-0.244*id(x_1 * x_2) + 2.286*id(x_0**-1 * x_1 * x_2) + 0.053
feynman_I_39_22,ITEARegressor,ok,4.0,1.0,5.4451204874393476e-15,1.0,14.0,1644.5,,1.0*id(x_0 * x_1 * x_2**-1 * x_3) + 0.0
feynman_I_40_1,ITEARegressor,ok,6.0,0.9674633990323536,0.1029696122281769,2.0,43.0,2014.0,,0.929*sqrtabs(x_0 * x_1**-1 * x_2**-1 * x_3 * x_4**-1 * x_5) + -0.296*sin(x_0 * x_1**-1 * x_2**-1 * x_3 * x_4**-1 * x_5) + -0.454
feynman_I_41_16,ITEARegressor,ok,5.0,0.9044530018106616,0.844602237020904,2.0,23.0,1853.5,,0.206*id(x_0 * x_1 * x_3 * x_4**-1) + 0.096*exp(x_0 * x_4**-1) + -1.069
feynman_I_43_16,ITEARegressor,ok,4.0,1.0,3.969571334765218e-15,1.0,14.0,1538.2,,1.0*id(x_0 * x_1 * x_2 * x_3**-1) + 0.0
feynman_I_43_31,ITEARegressor,ok,3.0,1.0,1.0338793578432984e-14,1.0,10.0,1513.1,,1.0*id(x_0 * x_1 * x_2) + 0.0
feynman_I_43_43,ITEARegressor,ok,4.0,0.9923040916558804,0.145229086388578,2.0,27.0,1640.7,,-0.243*id(x_1 * x_2**-1 * x_3) + 2.304*id(x_0**-1 * x_1 * x_2**-1 * x_3) + 0.003
feynman_I_44_4,ITEARegressor,ok,5.0,0.9932695133829264,2.2093717275722264,2.0,31.0,1735.6,,0.407*id(x_0 * x_1 * x_2 * x_3**-1 * x_4) + -0.417*id(x_0 * x_1 * x_2 * x_3 * x_4**-1) + 0.139
feynman_I_48_2,ITEARegressor,ok,3.0,0.9672150661634172,13.56299911021807,2.0,13.0,1545.7,,13.241*id(x_0 * x_2) + -39.325*id(x_0) + 1.621
feynman_I_47_23,ITEARegressor,ok,3.0,0.9999999999999912,5.3553855614136594e-08,1.0,12.0,1878.1,,1.0*sqrtabs(x_0 * x_1 * x_2**-1) + 0.0
feynman_I_50_26,ITEARegressor,ok,4.0,0.3940170924922065,1.6114959360030832,2.0,17.0,1793.1,,1.106*cos(x_1 * x_2) + 0.223*id(x_0 * x_1 * x_3) + -0.033
feynman_I_6_2,ITEARegressor,ok,2.0,0.9689831343774656,0.0080225066194696,2.0,17.0,1904.8,,0.142*cos(x_0**-1 * x_1) + 0.126*log(x_0**-1) + 0.134
feynman_I_6_2a,ITEARegressor,ok,1.0,0.9999453473077048,0.0005111336718418,2.0,11.0,1692.8,,-0.168*sin(x_0) + -0.179*id(x_0) + 0.564
feynman_I_6_2b,ITEARegressor,ok,3.0,0.8892052810357938,0.0197173556706886,2.0,23.0,2019.1,,0.179*cos(x_1**-1 * x_2) + 0.383*sin(x_0**-1 * x_1**-1 * x_2) + -0.084
feynman_I_8_14,ITEARegressor,ok,4.0,0.3137202943841383,0.8532374283069467,2.0,31.0,1972.7,,-1.053*sin(x_0**-1 * x_1 * x_2 * x_3**-1) + -0.999*sin(x_0 * x_1**-1 * x_2 * x_3**-1) + 3.127
feynman_I_9_18,ITEARegressor,ok,9.0,0.992103964727548,0.0096339170091719,2.0,49.0,1684.9,,0.534*id(x_0 * x_1 * x_2 * x_3**-1 * x_4 * x_5**-1 * x_6 * x_7**-1 * x_8) + 1.815*id(x_0 * x_1 * x_2 * x_3**-1 * x_5**-1 * x_7**-1) + -0.006
feynman_test_1,ITEARegressor,ok,7.0,0.8187114757707077,4.091260996567417,2.0,35.0,1962.6,,1.626*exp(x_1 * x_2 * x_3 * x_5**-1 * x_6**-1) + 0.95*exp(x_0 * x_3 * x_4 * x_5**-1 * x_6**-1) + -3.903
feynman_test_10,ITEARegressor,ok,3.0,0.9976482730550384,0.0251863656612433,2.0,19.0,1972.0,,1.113*exp(x_0**-1 * x_1 * x_2**-1) + 1.844*log(x_2) + -0.281
feynman_test_11,ITEARegressor,ok,4.0,0.9200789029899756,0.3898340430769415,2.0,23.0,1951.4,,1.595*id(x_0 * x_1**-1 * x_2**-1 * x_3) + -0.006*exp(x_2 * x_3) + 0.62
feynman_test_12,ITEARegressor,ok,5.0,0.9878282269635268,1.7494331735976545,2.0,23.0,1838.5,,1.229*id(x_0 * x_1**-1 * x_2 * x_3) + -0.349*id(x_0 * x_2 * x_3) + 0.118
feynman_test_13,ITEARegressor,ok,5.0,0.8896165346729795,0.006016192855458,2.0,19.0,2405.1,,0.008*cos(x_3) + 0.09*tanh(x_0 * x_2**-1 * x_4**-1) + -0.001
feynman_test_14,ITEARegressor,ok,5.0,-15.754485758096385,54.58066485520724,2.0,31.0,2323.9,,-0.0*exp(x_2**-1 * x_3 * x_4) + -52.853*cos(x_0**-1 * x_1**-1 * x_2**-1 * x_3**-1) + 53.777
feynman_test_15,ITEARegressor,ok,4.0,0.9401019606313088,0.3432403571697843,2.0,11.0,2180.6,,0.973*id(x_2) + -0.611*cos(x_3) + 0.1
feynman_test_16,ITEARegressor,ok,6.0,0.9275448642762404,6.573100760893418,2.0,21.0,2354.2,,4.727*id(x_0 * x_1) + 10.443*sqrtabs(x_0**-1 * x_1 * x_3 * x_4) + -26.412
feynman_test_17,ITEARegressor,ok,6.0,0.9072089106711856,434.1657182790187,2.0,27.0,2014.8,,51.781*id(x_0 * x_1 * x_3**-1 * x_4 * x_5) + -280.96*id(x_0 * x_3**-1 * x_5) + 179.679
feynman_test_18,ITEARegressor,ok,5.0,0.8672563982808117,0.2862601442902744,2.0,35.0,2441.2,,0.159*id(x_0**-1 * x_1 * x_2**-1 * x_3 * x_4) + -1.378*tanh(x_0 * x_1 * x_2**-1 * x_3**-1 * x_4) + 1.371
feynman_test_19,ITEARegressor,ok,6.0,0.8735373289380477,7.209952878256836,2.0,31.0,2063.0,,1.322*id(x_0**-1 * x_3 * x_4 * x_5) + -0.883*id(x_0**-1 * x_1 * x_2**-1 * x_4 * x_5) + -3.359
feynman_test_2,ITEARegressor,ok,6.0,-0.2943313240814447,1.5130322727969905,2.0,27.0,2540.1,,-1.858*cos(x_1 * x_4 * x_5**-1) + 1.363*cos(x_0**-1 * x_2 * x_4 * x_5**-1) + 1.127
feynman_test_20,ITEARegressor,ok,7.0,-0.1557492773577298,3.83079964227088,2.0,35.0,2192.5,,-66.453*tanh(x_0 * x_1**-1 * x_4 * x_5) + 0.997*id(x_0**-1 * x_1 * x_2 * x_3 * x_4**-1 * x_5**-1) + 65.554
feynman_test_3,ITEARegressor,ok,4.0,0.976482224522521,0.3023112887802207,2.0,13.0,1866.3,,-1.178*id(x_0 * x_1) + 1.336*id(x_0) + 0.03
feynman_test_4,ITEARegressor,ok,5.0,0.9791549566414272,0.0766431932273362,2.0,27.0,2506.5,,1.373*sqrtabs(x_0**-1 * x_1) + -2.191*sqrtabs(x_0**-1 * x_1**-1 * x_2 * x_4**-1) + 0.194
feynman_test_5,ITEARegressor,ok,4.0,0.9368175652392354,0.8133121679251512,2.0,17.0,2252.0,,5.949*id(x_0) + -1.116*sqrtabs(x_0 * x_1 * x_2 * x_3) + -0.83
feynman_test_6,ITEARegressor,ok,7.0,0.3061000509509243,0.300506216010151,2.0,39.0,2364.0,,0.201*exp(x_0 * x_1 * x_3**-1 * x_4**-1 * x_5**-1) + -0.029*id(x_0 * x_1 * x_2 * x_3**-1 * x_4**-1 * x_5) + 0.894
feynman_test_7,ITEARegressor,ok,5.0,0.9988864963622112,0.0483589290263139,2.0,19.0,2402.3,,-0.16*id(x_2 * x_3 * x_4**-1) + 2.94*sqrtabs(x_0 * x_1) + -0.0
feynman_test_8,ITEARegressor,ok,4.0,0.9459832926022962,0.1141014849761604,2.0,19.0,2334.0,,0.176*id(x_0 * x_1 * x_3**-1) + 0.193*id(x_0 * x_2) + 0.234
feynman_test_9,ITEARegressor,ok,5.0,0.9486320508319795,952.0993771678076,2.0,31.0,2534.5,,-38.523*exp(x_0 * x_1**-1 * x_2 * x_4**-1) + -76.34*exp(x_0 * x_1**-1 * x_3 * x_4**-1) + 822.108
first_principles_absorption,ITEARegressor,ok,1.0,-2.1105640754873214,2.335267808320914,2.0,13.0,2157.4,,1.386*log(x_0) + -4.917*cos(x_0**-1) + 3.688
first_principles_bode,ITEARegressor,ok,1.0,0.8079352168636031,0.9816843972811145,2.0,11.0,2110.4,,0.613*tanh(x_0) + 0.017*exp(x_0) + 0.989
first_principles_hubble,ITEARegressor,ok,1.0,0.6022113941283468,157.3469354794677,2.0,13.0,1959.0,,38.899*id(x_0**-1) + 496.033*log(x_0) + 547.399
first_principles_ideal_gas,ITEARegressor,ok,3.0,0.9982509645890906,0.0705398615277232,2.0,23.0,2271.5,,-0.067*sin(x_1 * x_2**-1) + -0.995*log(x_0**-1 * x_1**-1 * x_2) + 2.095
first_principles_kepler,ITEARegressor,ok,1.0,-19.67175404465235,311.28434297001604,2.0,11.0,1897.7,,0.175*exp(x_0) + 954.105*id(x_0) + -672.597
first_principles_planck,ITEARegressor,ok,2.0,0.9986266606662318,10.760750998693664,2.0,15.0,929.7,,-0.0*id(x_0 * x_1**-1) + 0.0*sqrtabs(x_0) + -32.19
first_principles_leavitt,ITEARegressor,ok,1.0,0.9700600717494596,0.1838990558409737,2.0,11.0,2068.0,,3.547*cos(x_0) + 0.226*exp(x_0) + 11.148
first_principles_newton,ITEARegressor,ok,3.0,0.9998228158440636,0.1550496606862843,2.0,19.0,1861.4,,-2.0*log(x_0 * x_1**-1) + -0.998*log(x_1 * x_2**-1) + -23.442
first_principles_rydberg,ITEARegressor,ok,2.0,0.997893341288122,0.0715566429965682,2.0,17.0,2009.4,,-1.989*log(x_0**-1) + -6.859*tanh(x_0**-1 * x_1) + -9.319
first_principles_supernovae_zg,ITEARegressor,ok,1.0,0.8913571596029071,0.0860461650197893,2.0,11.0,1451.7,,-0.24*sqrtabs(x_0) + 0.009*id(x_0) + 1.285
first_principles_schechter,ITEARegressor,ok,1.0,0.9842324771279684,0.4791041270645724,2.0,13.0,1732.5,,2718.426*sqrtabs(x_0**-1) + -0.0*sqrtabs(x_0) + -21.286
first_principles_supernovae_zr,ITEARegressor,ok,1.0,0.9730909988309768,0.0400671124792146,2.0,11.0,1408.8,,-0.229*sqrtabs(x_0) + 0.011*id(x_0) + 1.213
first_principles_tully_fisher,ITEARegressor,ok,1.0,0.4496431007141669,0.6896999036417377,2.0,13.0,1663.4,,0.122*cos(x_0) + 98.051*sqrtabs(x_0**-1) + -24.71
nikuradse_1,ITEARegressor,ok,2.0,0.9040519782249394,0.028675623039538,2.0,15.0,1878.1,,1.107*sqrtabs(x_0**-1 * x_1) + -140.269*tanh(x_1) + 140.453
nikuradse_2,ITEARegressor,ok,1.0,0.9531866160924916,0.0520537090045683,2.0,11.0,1294.1,,3.513*id(x_0) + 4.033*cos(x_0) + -3.618
solar_flare,ITEARegressor,ok,10.0,0.3169160638077839,0.8002871350795425,2.0,27.0,1769.1,,-2.455*cos(x_0 * x_1 * x_2 * x_3 * x_5 * x_6 * x_7) + 0.282*sqrtabs(x_0 * x_1 * x_2) + 2.574
strogatz_bacres1,ITEARegressor,ok,2.0,0.9997174834133632,0.0262492984865781,2.0,15.0,1573.7,,-1.985*id(x_0**-1 * x_1) + -1.029*id(x_0) + 20.422
strogatz_bacres2,ITEARegressor,ok,2.0,0.9999803830001746,0.009058383784196,2.0,21.0,1681.5,,-3797.467*cos(x_0**-1 * x_1**-1) + -1.96*id(x_0**-1 * x_1) + 3807.402
strogatz_barmag1,ITEARegressor,ok,2.0,0.8078887870374878,0.0782594221178542,2.0,11.0,1743.4,,-0.249*cos(x_1) + -0.467*id(x_0) + 3.005
strogatz_barmag2,ITEARegressor,ok,2.0,0.9338127566132428,0.0648320273022942,2.0,15.0,1709.2,,-0.627*id(x_1) + -13.48*tanh(x_0 * x_1**-1) + 13.723
strogatz_glider1,ITEARegressor,ok,2.0,0.991646804851001,0.0690509743660608,2.0,11.0,1693.3,,-0.996*sin(x_1) + -0.262*id(x_0) + 0.257
strogatz_glider2,ITEARegressor,ok,2.0,0.7970804770882876,0.3698425643423002,2.0,13.0,1530.0,,1.099*id(x_0) + 0.925*id(x_0**-1) + -0.707
strogatz_lv1,ITEARegressor,ok,2.0,-0.3854975102824503,0.1630768815775532,2.0,13.0,1659.6,,2.591*sin(x_0) + -2.215*id(x_0 * x_1) + -0.13
strogatz_lv2,ITEARegressor,ok,2.0,-2.769841277177809,0.1440028650858998,2.0,15.0,1695.3,,-5.387*id(x_1) + 10.626*tanh(x_0**-1 * x_1) + 0.007
strogatz_predprey1,ITEARegressor,ok,2.0,0.7385807561939235,0.469248612279773,2.0,13.0,1669.1,,-0.323*id(x_0 * x_1) + -2.334*cos(x_0) + 2.51
strogatz_predprey2,ITEARegressor,ok,2.0,0.9410479896218938,0.3837008972117205,2.0,13.0,1858.3,,-2.391*sqrtabs(x_1) + -5.425*tanh(x_0**-1) + 8.87
strogatz_shearflow1,ITEARegressor,ok,2.0,0.8461177183605113,0.2195683120441746,2.0,17.0,1842.8,,-1.487*cos(x_0**-1 * x_1**-1) + 1.982*sqrtabs(x_1) + -1.117
strogatz_shearflow2,ITEARegressor,ok,2.0,0.8696047335002366,0.0855807459379758,2.0,17.0,1713.4,,-0.649*tanh(x_0 * x_1) + 0.615*tanh(x_0 * x_1**-1) + 0.051
strogatz_vdp2,ITEARegressor,ok,2.0,1.0,1.4153302565681143e-16,1.0,6.0,1194.6,,-0.1*id(x_0) + 0.0
strogatz_vdp1,ITEARegressor,ok,2.0,0.0705197779891926,0.5901356529027655,2.0,13.0,1552.4,,5.69*exp(x_1) + -3.143*exp(x_0 * x_1) + -2.54
